id,deadline,homework_type_id,created_at,updated_at
14,2024-07-05 15:00:00,,2024-06-21 15:34:35,2024-06-21 15:34:35
16,2024-07-01 13:00:00,,2024-06-21 17:18:56,2024-06-21 17:18:56
17,2024-06-25 13:00:00,,2024-06-21 17:21:35,2024-06-21 17:21:35
18,2024-06-24 13:00:00,,2024-06-21 17:34:48,2024-06-21 17:34:48
19,2024-06-29 13:00:00,,2024-06-22 12:50:25,2024-06-22 12:50:25
21,2024-06-29 13:00:00,,2024-06-22 18:30:20,2024-06-22 18:30:20
22,2024-07-01 13:00:00,,2024-06-23 12:59:23,2024-06-23 12:59:23
23,2024-07-01 13:00:00,,2024-06-24 14:37:45,2024-06-24 14:37:45
24,2024-07-02 13:00:00,,2024-06-25 13:00:06,2024-06-25 13:00:06
26,2024-07-06 13:00:00,,2024-06-28 12:42:12,2024-06-28 12:42:12
27,2024-07-20 13:00:00,,2024-06-28 12:45:33,2024-06-28 12:45:33
29,2024-07-06 13:00:00,,2024-06-29 15:15:22,2024-06-30 15:39:26
30,2024-07-02 13:00:00,,2024-06-30 10:46:35,2024-06-30 10:46:35
32,2024-07-08 13:00:00,,2024-07-01 12:44:54,2024-07-01 12:44:54
33,2024-07-08 13:00:00,,2024-07-01 14:33:41,2024-07-01 14:33:41
34,2024-07-08 13:00:00,,2024-07-01 15:09:52,2024-07-01 15:09:52
35,2024-07-09 13:00:00,,2024-07-02 12:57:42,2024-07-02 12:57:42
40,2024-08-31 13:00:00,120.0,2024-08-03 11:59:33,2024-08-28 14:21:00
42,2024-08-31 13:00:00,18.0,2024-08-03 12:18:14,2024-08-03 12:18:14
43,2024-08-31 13:00:00,16.0,2024-08-03 12:20:58,2024-08-03 12:20:58
45,2024-08-31 13:00:00,15.0,2024-08-03 12:29:23,2024-08-03 12:29:23
46,2024-08-31 13:00:00,12.0,2024-08-03 12:38:56,2024-08-03 12:38:56
47,2024-08-31 13:00:00,,2024-08-03 12:43:45,2024-08-03 12:43:45
48,2024-08-31 13:00:00,17.0,2024-08-03 12:45:47,2024-08-03 12:45:47
49,2024-08-31 13:00:00,19.0,2024-08-03 14:06:06,2024-08-03 14:06:06
50,2024-08-31 13:00:00,19.0,2024-08-03 14:07:31,2024-08-03 14:07:31
51,2024-08-31 13:00:00,19.0,2024-08-03 14:09:11,2024-08-03 14:09:11
54,2024-08-31 13:00:00,11.0,2024-08-09 16:14:38,2024-08-28 14:21:52
55,2024-08-31 13:00:00,27.0,2024-08-09 16:41:53,2024-08-28 14:23:02
57,2024-07-10 17:00:00,115.0,2024-08-10 03:22:04,2024-08-10 03:22:04
58,2024-07-17 17:00:00,115.0,2024-08-10 03:28:13,2024-08-10 03:29:29
59,2024-07-31 17:00:00,115.0,2024-08-10 03:36:29,2024-08-10 03:43:47
60,2024-08-07 17:00:00,115.0,2024-08-10 03:42:29,2024-08-10 03:42:29
61,2024-08-15 09:00:00,115.0,2024-08-10 04:00:50,2024-08-10 04:03:27
62,2024-08-22 05:00:00,115.0,2024-08-10 04:17:36,2024-08-10 04:23:04
63,2024-08-31 20:59:00,12.0,2024-08-10 10:25:23,2024-08-10 10:58:58
64,2024-08-31 20:59:00,12.0,2024-08-10 10:34:48,2024-08-10 10:34:48
65,2024-08-31 20:59:00,12.0,2024-08-10 10:41:17,2024-08-10 10:41:17
66,2024-08-31 20:59:00,12.0,2024-08-10 10:45:16,2024-08-10 10:45:16
67,2024-08-31 20:59:00,12.0,2024-08-10 10:49:28,2024-08-10 10:49:28
68,2024-08-31 20:59:00,12.0,2024-08-10 10:53:23,2024-08-10 10:53:23
69,2024-08-31 20:59:00,12.0,2024-08-10 10:57:46,2024-08-10 10:57:46
70,2024-08-31 13:00:00,17.0,2024-08-10 11:46:16,2024-08-15 10:56:41
71,2024-08-31 13:00:00,17.0,2024-08-11 13:27:31,2024-08-15 10:54:06
73,2024-08-31 13:00:00,17.0,2024-08-11 13:32:05,2024-08-15 10:53:41
74,2024-08-31 13:00:00,17.0,2024-08-11 13:34:28,2024-08-15 10:54:35
75,2024-08-31 13:00:00,17.0,2024-08-11 13:36:36,2024-08-15 10:55:03
76,2024-08-31 13:00:00,17.0,2024-08-11 13:41:52,2024-08-15 10:55:59
77,2024-08-31 13:00:00,27.0,2024-08-12 07:21:30,2024-08-28 14:24:18
78,2024-08-31 13:00:00,25.0,2024-08-12 07:32:57,2024-08-28 14:25:17
79,2024-08-31 13:00:00,26.0,2024-08-12 07:41:26,2024-08-28 14:26:13
82,2024-08-31 13:00:00,,2024-08-12 09:27:25,2024-08-12 09:27:25
83,2024-08-31 13:00:00,,2024-08-12 09:34:28,2024-08-12 09:35:41
84,2024-09-02 20:59:00,,2024-08-12 10:04:10,2024-08-12 10:39:08
85,2024-09-09 20:59:00,,2024-08-12 10:37:01,2024-08-12 10:37:01
86,2024-08-12 11:21:00,16.0,2024-08-12 11:23:20,2024-08-12 11:35:30
87,2024-08-31 13:00:00,16.0,2024-08-12 11:40:48,2024-08-15 10:39:09
88,2024-08-31 13:00:00,16.0,2024-08-12 11:49:51,2024-08-15 10:40:04
89,2024-08-31 13:00:00,16.0,2024-08-12 12:04:09,2024-08-15 10:40:36
90,2024-08-31 13:00:00,16.0,2024-08-12 12:11:15,2024-08-15 10:41:15
91,2024-08-31 13:00:00,16.0,2024-08-12 12:16:01,2024-08-15 10:43:17
92,2024-08-31 13:00:00,16.0,2024-08-12 12:19:21,2024-08-15 10:43:53
93,2024-07-02 13:00:00,18.0,2024-08-12 14:07:07,2024-08-12 14:07:07
95,2024-07-09 13:00:00,18.0,2024-08-12 14:16:42,2024-08-12 14:16:42
96,2024-07-16 13:00:00,18.0,2024-08-12 14:20:34,2024-08-12 14:20:34
97,2024-07-30 13:00:00,18.0,2024-08-12 14:27:43,2024-08-12 14:27:43
98,2024-08-06 13:00:00,18.0,2024-08-12 14:30:31,2024-08-12 14:30:31
99,2024-08-13 13:00:00,18.0,2024-08-12 14:33:01,2024-08-12 14:33:01
100,2024-08-20 13:00:00,18.0,2024-08-12 14:49:42,2024-08-12 14:49:42
101,2024-08-31 13:00:00,15.0,2024-08-13 07:50:16,2024-08-13 07:50:16
102,2024-08-31 13:00:00,15.0,2024-08-13 07:53:26,2024-08-13 07:53:26
103,2024-08-31 13:00:00,15.0,2024-08-13 07:56:28,2024-08-13 07:56:28
104,2024-08-31 13:00:00,15.0,2024-08-13 07:59:27,2024-08-13 07:59:27
105,2024-08-31 13:00:00,15.0,2024-08-13 08:03:08,2024-08-13 08:03:08
106,2024-08-31 13:00:00,15.0,2024-08-13 08:05:24,2024-08-13 08:05:24
107,2024-08-31 13:00:00,15.0,2024-08-13 08:07:45,2024-08-13 08:07:45
108,2024-08-31 13:00:00,15.0,2024-08-13 08:10:06,2024-08-13 08:10:06
109,2024-08-31 13:00:00,13.0,2024-08-13 12:32:28,2024-08-13 12:32:28
110,2024-08-31 13:00:00,13.0,2024-08-13 12:49:16,2024-08-13 12:49:16
111,2024-08-31 13:00:00,13.0,2024-08-13 12:53:45,2024-08-13 12:53:45
112,2024-08-31 13:00:00,13.0,2024-08-13 12:59:04,2024-08-13 12:59:04
113,2024-08-31 13:00:00,13.0,2024-08-13 13:03:23,2024-08-13 13:03:23
114,2024-08-31 13:00:00,13.0,2024-08-13 13:05:59,2024-08-13 13:05:59
115,2024-08-31 13:00:00,13.0,2024-08-13 13:18:23,2024-08-13 13:18:23
116,2024-09-02 20:59:00,,2024-08-15 11:07:38,2024-08-15 11:16:03
117,2024-09-02 20:59:00,,2024-08-15 11:13:38,2024-08-15 11:19:16
118,2024-09-02 20:59:00,,2024-08-15 11:20:52,2024-08-15 11:20:52
119,2024-09-02 20:59:00,,2024-08-15 11:23:10,2024-08-15 11:23:10
120,2024-09-02 20:59:00,,2024-08-15 11:25:13,2024-08-15 11:25:13
121,2024-09-02 20:59:00,,2024-08-15 11:27:14,2024-08-15 11:27:14
122,2024-08-17 12:47:00,17.0,2024-08-17 12:48:18,2024-08-17 12:48:18
123,2024-08-31 13:00:00,15.0,2024-08-19 15:08:57,2024-08-19 15:08:57
124,2024-08-31 13:00:00,15.0,2024-08-19 15:13:58,2024-08-19 15:13:58
126,2024-08-31 13:00:00,27.0,2024-08-20 08:56:06,2024-08-28 14:27:14
127,2024-08-31 13:00:00,13.0,2024-08-22 14:02:23,2024-08-22 14:02:23
128,2024-08-31 13:00:00,13.0,2024-08-22 14:05:50,2024-08-22 14:05:50
129,2024-08-24 12:57:00,17.0,2024-08-24 12:59:44,2024-08-24 12:59:44
130,2024-08-31 13:00:00,11.0,2024-08-28 14:34:36,2024-08-28 14:34:36
131,2024-08-31 13:00:00,128.0,2024-08-29 08:14:35,2024-08-29 08:14:35
132,2024-08-31 13:00:00,40.0,2024-08-29 08:17:23,2024-08-29 08:17:23
133,2024-08-31 13:00:00,40.0,2024-08-29 08:19:25,2024-08-29 08:19:25
134,2024-08-31 13:00:00,40.0,2024-08-29 08:20:22,2024-08-29 08:20:22
135,2024-08-31 13:00:00,42.0,2024-08-29 08:21:49,2024-08-29 08:21:49
136,2024-08-31 13:00:00,40.0,2024-08-29 08:22:59,2024-08-29 08:22:59
137,2024-08-31 13:00:00,40.0,2024-08-29 08:24:40,2024-08-29 08:24:40
138,2024-08-31 13:00:00,40.0,2024-08-29 08:25:49,2024-08-29 08:25:49
139,2024-08-31 13:00:00,40.0,2024-08-29 08:27:39,2024-08-29 08:27:39
140,2024-09-16 13:00:00,120.0,2024-09-04 13:23:24,2024-09-04 13:23:58
142,2024-09-16 13:00:00,126.0,2024-09-05 06:38:33,2024-09-05 06:38:33
143,2024-09-16 13:00:00,112.0,2024-09-05 06:49:48,2024-09-05 06:49:48
144,2024-09-16 13:00:00,110.0,2024-09-05 06:58:26,2024-09-05 06:58:26
145,2024-09-16 13:00:00,112.0,2024-09-05 06:59:18,2024-09-05 06:59:18
146,2024-09-16 13:00:00,112.0,2024-09-05 07:00:46,2024-09-05 07:00:46
147,2024-09-16 13:00:00,110.0,2024-09-05 07:01:45,2024-09-05 07:01:45
148,2024-09-16 13:00:00,112.0,2024-09-05 07:02:38,2024-09-05 07:02:38
149,2024-09-16 13:00:00,112.0,2024-09-05 07:04:20,2024-09-05 07:04:20
150,2024-09-16 13:00:00,112.0,2024-09-05 07:05:16,2024-09-05 07:05:16
151,2024-09-16 13:00:00,112.0,2024-09-05 07:06:10,2024-09-05 07:06:10
152,2024-09-16 13:00:00,112.0,2024-09-05 07:07:11,2024-09-05 07:07:11
156,2024-09-20 13:30:00,16.0,2024-09-05 13:43:37,2024-09-05 13:43:37
157,2024-09-20 13:30:00,16.0,2024-09-05 13:45:43,2024-09-05 13:45:43
158,2024-09-20 13:30:00,16.0,2024-09-05 13:49:19,2024-09-05 13:49:19
159,2024-09-20 13:30:00,16.0,2024-09-05 13:51:36,2024-09-05 13:51:36
160,2024-09-20 13:30:00,16.0,2024-09-05 13:54:21,2024-09-05 13:54:21
161,2024-09-20 13:30:00,16.0,2024-09-05 13:56:07,2024-09-05 13:56:07
162,2024-09-20 13:30:00,16.0,2024-09-05 13:58:54,2024-09-05 13:58:54
163,2024-09-21 14:30:00,13.0,2024-09-05 14:51:57,2024-09-05 14:51:57
164,2024-09-21 14:30:00,13.0,2024-09-05 14:56:17,2024-09-05 14:56:17
165,2024-09-21 14:30:00,13.0,2024-09-05 14:57:23,2024-09-05 14:57:23
166,2024-09-21 14:30:00,13.0,2024-09-05 14:59:46,2024-09-05 14:59:46
167,2024-09-21 14:30:00,13.0,2024-09-05 15:01:01,2024-09-05 15:01:01
168,2024-09-21 14:30:00,13.0,2024-09-05 15:02:32,2024-09-05 15:02:32
169,2024-09-21 14:30:00,13.0,2024-09-05 15:03:41,2024-09-05 15:03:41
170,2024-09-21 14:30:00,13.0,2024-09-05 15:05:12,2024-09-05 15:05:12
171,2024-09-21 14:30:00,13.0,2024-09-05 15:06:42,2024-09-05 15:06:42
178,2024-09-17 12:30:00,17.0,2024-09-05 21:13:54,2024-09-05 21:13:54
179,2024-09-17 12:30:00,17.0,2024-09-05 21:17:04,2024-09-05 21:17:04
180,2024-09-17 12:30:00,17.0,2024-09-05 21:19:00,2024-09-05 21:19:00
181,2024-09-17 12:30:00,17.0,2024-09-05 21:20:23,2024-09-05 21:20:23
182,2024-09-17 12:30:00,17.0,2024-09-05 21:21:53,2024-09-05 21:21:53
183,2024-09-17 12:30:00,17.0,2024-09-05 21:23:22,2024-09-05 21:23:22
184,2024-09-17 12:30:00,17.0,2024-09-05 21:24:33,2024-09-05 21:24:33
185,2024-09-17 12:30:00,17.0,2024-09-05 21:26:29,2024-09-05 21:26:29
186,2024-09-17 12:30:00,17.0,2024-09-05 21:28:00,2024-09-05 21:28:00
187,2024-09-16 13:00:00,128.0,2024-09-06 07:14:20,2024-09-06 07:14:20
188,2024-09-16 13:00:00,40.0,2024-09-06 07:16:19,2024-09-06 07:16:19
189,2024-09-16 13:00:00,40.0,2024-09-06 07:17:46,2024-09-06 07:17:46
190,2024-09-16 13:00:00,40.0,2024-09-06 07:19:12,2024-09-06 07:19:12
191,2024-09-16 13:00:00,42.0,2024-09-06 07:20:53,2024-09-06 07:20:53
192,2024-09-16 13:00:00,40.0,2024-09-06 07:22:41,2024-09-06 07:22:41
193,2024-09-16 13:00:00,40.0,2024-09-06 07:24:40,2024-09-06 07:24:40
194,2024-09-16 13:00:00,40.0,2024-09-06 07:26:14,2024-09-06 07:26:14
195,2024-09-16 13:00:00,40.0,2024-09-06 07:27:29,2024-09-06 07:27:29
198,2024-09-18 13:00:00,44.0,2024-09-06 08:39:20,2024-09-06 08:39:20
199,2024-09-18 13:00:00,46.0,2024-09-06 08:41:19,2024-09-06 08:41:19
200,2024-09-18 13:00:00,46.0,2024-09-06 08:44:35,2024-09-06 08:44:35
201,2024-09-18 13:00:00,45.0,2024-09-06 08:47:38,2024-09-06 08:47:38
202,2024-09-18 13:00:00,46.0,2024-09-06 08:50:11,2024-09-06 08:50:11
203,2024-09-18 13:00:00,44.0,2024-09-06 08:53:00,2024-09-06 08:53:00
205,2024-09-18 13:00:00,12.0,2024-09-06 08:56:18,2024-09-06 08:56:18
206,2024-09-18 13:00:00,119.0,2024-09-06 08:58:04,2024-09-06 08:58:04
207,2024-09-20 13:30:00,125.0,2024-09-06 12:11:13,2024-09-06 12:11:13
209,2024-09-17 13:00:00,115.0,2024-09-06 13:17:54,2024-09-06 13:17:54
210,2024-09-17 13:00:00,115.0,2024-09-06 13:55:40,2024-09-06 13:55:40
211,2024-09-17 13:00:00,115.0,2024-09-06 13:57:52,2024-09-06 13:57:52
212,2024-09-17 13:00:00,115.0,2024-09-06 13:59:43,2024-09-06 13:59:43
213,2024-09-17 13:00:00,115.0,2024-09-06 14:01:04,2024-09-06 14:01:04
214,2024-09-17 13:00:00,115.0,2024-09-06 14:02:47,2024-09-06 14:02:47
215,2024-09-17 13:00:00,115.0,2024-09-06 14:04:18,2024-09-06 14:04:18
216,2024-09-16 13:00:00,27.0,2024-09-06 16:39:55,2024-09-06 16:39:55
217,2024-09-16 13:00:00,27.0,2024-09-06 16:41:04,2024-09-06 16:41:04
218,2024-09-16 13:00:00,25.0,2024-09-06 16:41:56,2024-09-06 16:41:56
219,2024-09-16 13:00:00,26.0,2024-09-06 16:42:45,2024-09-06 16:42:45
221,2024-09-06 13:00:00,11.0,2024-09-06 16:45:50,2024-09-06 16:45:50
222,2024-09-16 13:00:00,27.0,2024-09-06 16:46:35,2024-09-06 16:46:35
224,2024-09-20 15:00:00,21.0,2024-09-07 00:09:59,2024-09-07 00:09:59
226,2024-09-20 15:00:00,21.0,2024-09-07 00:12:27,2024-09-07 00:12:27
227,2024-09-20 15:00:00,21.0,2024-09-07 00:13:13,2024-09-07 00:13:13
233,2024-09-20 15:00:00,18.0,2024-09-07 00:18:15,2024-09-07 00:18:15
234,2024-09-20 15:00:00,21.0,2024-09-07 00:19:12,2024-09-07 00:19:12
236,2024-09-16 13:00:00,11.0,2024-09-08 14:15:05,2024-09-08 14:15:05
242,2024-09-20 12:00:00,130.0,2024-09-13 11:10:39,2024-09-13 11:10:39
243,2024-09-20 12:00:00,130.0,2024-09-13 11:12:16,2024-09-13 11:12:16
244,2024-09-20 12:00:00,17.0,2024-09-13 11:17:56,2024-09-13 11:17:56
245,2024-09-20 12:00:00,17.0,2024-09-13 11:19:35,2024-09-13 11:19:35
246,2024-09-23 13:00:00,128.0,2024-09-13 17:51:21,2024-09-15 17:07:11
247,2024-09-23 13:00:00,128.0,2024-09-13 17:51:26,2024-09-13 17:51:26
248,2024-09-19 13:00:00,142.0,2024-09-13 18:08:45,2024-09-16 21:45:25
249,2024-09-19 13:00:00,142.0,2024-09-13 18:10:34,2024-09-16 21:51:25
251,2024-09-19 13:00:00,126.0,2024-09-13 18:14:20,2024-09-16 21:48:31
252,2024-09-19 13:00:00,126.0,2024-09-14 11:31:06,2024-09-14 11:31:06
253,2024-09-20 19:00:00,19.0,2024-09-14 14:44:31,2024-09-17 12:08:54
254,2024-09-23 13:00:00,15.0,2024-09-14 16:47:31,2024-09-14 16:47:31
255,2024-09-23 13:00:00,15.0,2024-09-14 16:47:35,2024-09-14 16:47:35
256,2024-09-21 13:00:00,119.0,2024-09-15 13:03:08,2024-09-18 12:37:30
257,2024-09-19 13:00:00,11.0,2024-09-15 13:08:27,2024-09-17 09:14:42
259,2024-09-21 13:00:00,12.0,2024-09-15 13:31:53,2024-09-17 13:32:04
260,2024-09-21 13:00:00,119.0,2024-09-15 14:55:15,2024-09-17 13:36:36
261,2024-09-21 13:00:00,12.0,2024-09-15 14:57:01,2024-09-17 13:37:38
262,2024-09-19 13:00:00,11.0,2024-09-15 17:27:47,2024-09-16 14:33:01
263,2024-09-20 09:00:00,124.0,2024-09-16 08:18:21,2024-09-17 12:12:19
264,2025-05-16 09:00:00,113.0,2024-09-16 08:26:51,2024-10-02 09:06:09
265,2024-09-24 19:00:00,115.0,2024-09-16 08:35:55,2024-10-02 09:13:18
266,2024-09-20 19:00:00,19.0,2024-09-16 08:42:20,2024-09-17 12:20:03
267,2024-09-20 09:00:00,124.0,2024-09-16 08:43:32,2024-09-17 12:13:01
268,2025-05-16 09:00:00,113.0,2024-09-16 08:46:33,2024-10-02 09:07:03
269,2024-09-24 19:00:00,115.0,2024-09-16 08:48:51,2024-10-02 09:15:24
279,2024-09-20 19:00:00,116.0,2024-09-16 16:49:53,2024-09-16 16:49:53
281,2024-09-22 19:00:00,131.0,2024-09-16 16:53:30,2024-09-19 19:48:44
282,2024-09-19 13:00:00,144.0,2024-09-16 17:36:25,2024-09-17 09:16:00
283,2024-09-19 13:00:00,144.0,2024-09-16 17:40:08,2024-09-16 17:40:08
286,2025-05-16 19:00:00,113.0,2024-09-17 13:31:42,2024-10-02 09:19:54
287,2025-05-16 19:00:00,113.0,2024-09-17 13:35:06,2024-10-02 09:21:13
288,2024-09-26 13:00:00,40.0,2024-09-17 13:47:38,2024-09-17 13:47:38
289,2024-09-26 13:00:00,40.0,2024-09-17 13:48:09,2024-09-20 21:27:50
290,2024-09-26 13:00:00,40.0,2024-09-17 13:55:33,2024-09-17 13:55:33
291,2024-09-26 13:00:00,40.0,2024-09-17 13:56:12,2024-09-22 11:34:07
292,2024-09-27 19:00:00,115.0,2024-09-17 14:16:19,2024-10-02 09:27:26
293,2024-09-27 19:00:00,115.0,2024-09-17 14:20:30,2024-10-02 09:26:19
294,2024-09-23 13:00:00,110.0,2024-09-17 18:32:06,2024-09-19 08:50:02
295,2024-09-23 13:00:00,110.0,2024-09-17 18:32:08,2024-09-19 08:50:48
296,2024-09-26 13:00:00,110.0,2024-09-17 18:36:15,2024-09-21 14:41:08
297,2024-09-26 13:00:00,110.0,2024-09-17 18:36:17,2024-09-21 14:41:51
298,2024-09-24 13:00:00,18.0,2024-09-17 19:45:42,2024-09-17 19:53:28
299,2024-09-24 13:00:00,18.0,2024-09-17 19:45:46,2024-09-17 19:50:12
300,2024-09-24 13:00:00,137.0,2024-09-17 19:57:11,2024-09-18 21:34:35
301,2024-09-24 13:00:00,137.0,2024-09-17 19:57:16,2024-09-17 19:59:00
302,2024-09-25 14:00:00,13.0,2024-09-18 14:56:34,2024-09-20 15:05:23
303,2024-10-02 14:00:00,135.0,2024-09-18 16:10:21,2024-09-24 17:08:18
304,2024-09-24 12:00:00,103.0,2024-09-18 17:15:37,2024-09-19 17:51:20
306,2024-09-27 12:00:00,103.0,2024-09-18 17:22:23,2024-09-18 17:22:23
307,2024-09-27 12:00:00,103.0,2024-09-18 17:24:34,2024-09-18 17:24:34
308,2024-09-24 14:30:00,16.0,2024-09-18 17:35:10,2024-09-20 15:23:12
310,2024-09-24 14:30:00,16.0,2024-09-18 17:58:26,2024-09-20 15:22:37
311,2024-09-27 14:30:00,125.0,2024-09-18 18:01:58,2024-09-19 17:44:28
312,2024-09-27 14:30:00,125.0,2024-09-18 18:04:36,2024-09-20 11:01:28
314,2024-09-24 19:00:00,116.0,2024-09-18 18:47:46,2024-09-19 17:21:40
315,2024-09-27 19:00:00,116.0,2024-09-18 18:50:18,2024-09-23 17:50:47
316,2024-09-25 14:00:00,13.0,2024-09-18 19:22:08,2024-09-20 15:06:22
320,2024-09-23 13:00:00,120.0,2024-09-18 23:02:47,2024-09-18 23:03:40
322,2024-09-23 13:00:00,120.0,2024-09-18 23:05:56,2024-09-18 23:05:56
324,2024-09-24 12:00:00,103.0,2024-09-19 17:54:25,2024-09-19 17:54:25
334,2024-09-25 13:00:00,46.0,2024-09-19 20:38:58,2024-09-21 11:15:02
336,2024-09-25 13:00:00,46.0,2024-09-19 20:45:28,2024-09-21 11:19:23
337,2024-09-27 14:30:00,145.0,2024-09-20 15:40:55,2024-10-08 04:37:08
338,2024-09-27 14:30:00,145.0,2024-09-20 15:44:13,2024-10-08 04:37:36
342,2024-09-26 12:30:00,47.0,2024-09-20 18:23:23,2024-09-20 18:23:23
353,2025-05-16 19:00:00,19.0,2024-09-21 07:00:05,2024-09-21 07:17:53
354,2025-05-16 19:00:00,19.0,2024-09-21 07:08:55,2024-09-21 07:18:46
356,2024-09-28 13:00:00,29.0,2024-09-21 17:48:23,2024-09-22 18:07:49
357,2024-09-28 13:00:00,43.0,2024-09-21 17:50:29,2024-09-28 02:59:54
358,2024-09-26 12:30:00,127.0,2024-09-21 18:06:40,2024-09-21 18:06:40
359,2024-09-27 14:30:00,51.0,2024-09-21 18:13:19,2024-09-21 18:13:19
360,2024-09-27 14:30:00,51.0,2024-09-21 18:14:46,2024-09-21 18:14:46
361,2024-10-01 14:30:00,146.0,2024-09-21 18:51:59,2024-10-29 17:43:41
362,2024-10-01 14:30:00,146.0,2024-09-21 19:00:55,2024-10-29 17:44:09
363,2024-09-27 13:00:00,21.0,2024-09-21 19:40:57,2024-09-23 17:59:39
364,2024-09-27 13:00:00,21.0,2024-09-21 19:41:20,2024-09-23 17:59:59
365,2024-10-01 13:00:00,18.0,2024-09-21 19:52:44,2024-09-26 14:55:39
366,2024-10-01 13:00:00,18.0,2024-09-21 19:59:20,2024-09-23 18:00:40
367,2024-10-01 13:00:00,21.0,2024-09-21 20:07:55,2024-09-23 18:00:31
368,2024-10-01 13:00:00,21.0,2024-09-21 20:07:57,2024-09-26 14:57:07
369,2024-09-28 13:00:00,46.0,2024-09-22 07:26:25,2024-09-25 11:05:29
372,2024-09-28 13:00:00,46.0,2024-09-22 07:32:59,2024-09-25 10:58:02
373,2024-10-02 14:00:00,135.0,2024-09-23 09:03:54,2024-09-24 17:07:58
374,2025-05-16 19:00:00,113.0,2024-09-23 13:54:52,2024-10-02 09:43:30
375,2025-05-16 19:00:00,113.0,2024-09-23 13:58:23,2024-10-02 09:44:58
376,2025-05-16 19:00:00,113.0,2024-09-23 14:58:52,2024-10-02 09:33:17
377,2025-05-16 19:00:00,113.0,2024-09-23 15:01:23,2024-10-02 09:34:21
378,2024-09-26 13:00:00,27.0,2024-09-23 20:22:18,2024-09-23 20:22:18
379,2024-09-26 13:00:00,27.0,2024-09-23 20:22:44,2024-09-23 20:22:44
380,2024-10-01 19:00:00,115.0,2024-09-24 13:04:42,2024-10-02 09:39:38
381,2024-10-01 19:00:00,115.0,2024-09-24 13:06:55,2024-10-02 09:39:01
383,2024-09-27 14:30:00,145.0,2024-09-24 15:21:17,2024-09-24 15:31:55
384,2024-09-27 14:30:00,145.0,2024-09-24 15:33:32,2024-09-24 15:33:32
385,2024-10-04 13:00:00,21.0,2024-09-24 17:38:27,2024-09-24 18:12:51
386,2024-10-04 13:00:00,21.0,2024-09-24 17:41:14,2024-09-24 18:13:44
387,2024-09-30 13:00:00,40.0,2024-09-24 17:55:36,2024-09-24 17:55:36
388,2024-09-30 13:00:00,40.0,2024-09-24 17:55:55,2024-09-24 17:55:55
389,2024-10-03 13:00:00,40.0,2024-09-24 17:59:51,2024-09-29 08:40:05
390,2024-10-03 13:00:00,40.0,2024-09-24 18:00:05,2024-09-29 08:40:25
391,2024-09-30 13:00:00,112.0,2024-09-24 18:02:31,2024-09-25 17:06:58
392,2024-09-30 13:00:00,112.0,2024-09-24 18:02:36,2024-09-25 17:06:34
393,2024-10-03 13:00:00,112.0,2024-09-24 18:12:10,2024-09-30 07:00:34
394,2024-10-03 13:00:00,112.0,2024-09-24 18:12:14,2024-09-30 07:00:57
395,2024-10-04 16:00:00,38.0,2024-09-25 07:17:49,2024-09-27 15:12:14
396,2024-10-04 16:00:00,123.0,2024-09-25 07:20:58,2024-09-27 15:12:59
397,2024-10-08 16:00:00,39.0,2024-09-25 07:29:44,2024-09-27 15:19:15
398,2024-10-11 16:00:00,39.0,2024-09-25 07:34:01,2024-09-27 15:22:40
399,2024-09-30 12:30:00,47.0,2024-09-25 14:44:10,2024-09-25 14:44:10
400,2024-10-03 12:30:00,47.0,2024-09-25 14:48:21,2024-09-25 14:48:21
401,2024-10-01 12:00:00,103.0,2024-09-25 14:50:43,2024-09-26 15:51:34
402,2024-10-01 12:00:00,103.0,2024-09-25 14:57:07,2024-09-26 15:51:29
403,2024-10-01 12:00:00,17.0,2024-09-25 15:02:58,2024-09-25 15:04:56
404,2024-10-01 12:00:00,17.0,2024-09-25 15:04:36,2024-09-25 15:07:28
405,2025-05-31 15:00:00,143.0,2024-09-25 15:08:55,2024-09-25 15:08:55
407,2025-05-31 15:00:00,143.0,2024-09-25 15:11:41,2024-09-25 15:11:41
408,2024-09-28 13:00:00,12.0,2024-09-25 17:26:05,2024-09-25 17:26:05
409,2024-09-28 13:00:00,12.0,2024-09-25 17:27:30,2024-09-25 17:27:30
410,2024-10-01 19:00:00,116.0,2024-09-25 20:47:16,2024-09-25 20:47:16
411,2024-10-04 19:00:00,116.0,2024-09-25 20:52:22,2024-09-25 20:52:22
412,2024-10-04 19:00:00,115.0,2024-09-25 22:19:36,2024-10-02 09:53:31
413,2024-10-04 19:00:00,115.0,2024-09-25 22:19:38,2024-10-02 09:54:41
414,2024-10-08 13:00:00,28.0,2024-09-25 23:24:44,2024-10-01 14:48:00
415,2024-10-08 13:00:00,28.0,2024-09-25 23:25:46,2024-10-01 14:47:51
416,2025-05-16 20:59:00,18.0,2024-09-25 23:30:56,2024-09-28 18:00:51
417,2025-05-16 20:59:00,18.0,2024-09-25 23:30:57,2024-09-28 18:01:34
418,2024-10-02 13:00:00,30.0,2024-09-26 06:00:41,2024-09-28 14:21:36
419,2024-10-06 12:59:00,29.0,2024-09-26 06:11:59,2024-10-06 15:18:20
421,2024-09-30 13:00:00,27.0,2024-09-26 17:39:13,2024-09-27 11:43:39
422,2024-09-30 13:00:00,27.0,2024-09-26 17:39:17,2024-10-22 19:29:13
423,2025-05-16 19:00:00,113.0,2024-09-26 19:16:41,2024-10-02 10:00:52
424,2025-05-16 19:00:00,113.0,2024-09-26 19:16:43,2024-10-02 09:58:45
425,2024-10-06 13:00:00,46.0,2024-09-26 21:02:45,2024-10-05 13:36:42
426,2024-10-06 13:00:00,46.0,2024-09-26 21:02:54,2024-10-05 13:37:21
430,2024-10-01 14:30:00,145.0,2024-09-27 15:57:09,2024-09-27 15:57:44
431,2024-10-01 14:30:00,145.0,2024-09-27 15:59:28,2024-09-27 15:59:28
433,2024-10-08 12:00:00,17.0,2024-09-28 13:13:35,2024-09-28 13:14:15
434,2024-10-08 12:00:00,17.0,2024-09-28 13:16:33,2024-09-28 13:16:33
435,2024-10-11 12:00:00,17.0,2024-09-28 13:21:06,2024-09-28 13:21:47
436,2024-10-11 12:00:00,17.0,2024-09-28 13:23:29,2024-09-28 13:23:49
437,2024-10-15 12:00:00,17.0,2024-09-28 13:28:13,2024-09-28 13:29:22
438,2024-10-15 12:00:00,17.0,2024-09-28 13:30:41,2024-09-28 13:32:00
439,2024-10-02 14:00:00,24.0,2024-09-28 16:26:27,2024-09-28 16:26:27
440,2024-10-02 14:00:00,24.0,2024-09-28 16:30:15,2024-09-28 16:30:15
441,2024-10-04 14:30:00,54.0,2024-09-28 18:28:52,2024-10-01 15:44:53
442,2024-10-04 14:30:00,54.0,2024-09-28 18:30:45,2024-10-01 15:45:03
443,2024-10-08 14:30:00,51.0,2024-09-28 18:37:53,2024-10-29 17:46:05
444,2024-10-08 14:30:00,51.0,2024-09-28 18:39:06,2024-10-29 17:48:09
445,2024-10-11 14:30:00,59.0,2024-09-28 18:42:17,2024-09-28 18:42:17
446,2024-10-11 14:30:00,59.0,2024-09-28 18:42:58,2024-09-28 18:42:58
447,2024-10-08 19:00:00,115.0,2024-09-28 21:30:51,2024-09-28 21:30:51
448,2024-10-08 19:00:00,115.0,2024-09-28 21:30:53,2024-09-28 21:30:53
451,2024-10-11 19:00:00,115.0,2024-09-28 23:14:48,2024-09-28 23:14:48
452,2024-10-13 19:00:00,115.0,2024-09-28 23:14:50,2024-10-09 11:43:51
453,2024-10-07 13:00:00,40.0,2024-09-29 12:10:50,2024-09-29 12:10:50
454,2024-10-07 13:00:00,40.0,2024-09-29 12:11:03,2024-09-29 12:11:03
455,2024-10-06 14:00:00,24.0,2024-09-29 14:10:29,2024-10-05 14:03:17
456,2024-10-06 14:00:00,24.0,2024-09-29 14:13:41,2024-10-05 14:04:20
458,2024-10-03 13:00:00,27.0,2024-09-30 18:25:36,2024-09-30 18:25:36
459,2024-10-03 13:00:00,27.0,2024-09-30 18:25:49,2024-09-30 18:25:49
460,2024-10-08 14:00:00,132.0,2024-09-30 18:53:21,2024-10-03 19:35:06
462,2024-10-07 13:00:00,112.0,2024-10-01 11:37:16,2024-10-01 11:37:16
463,2024-10-07 13:00:00,112.0,2024-10-01 11:37:19,2024-10-02 11:49:48
464,2024-10-10 13:00:00,112.0,2024-10-01 11:43:31,2024-10-01 11:43:31
465,2024-10-10 13:00:00,112.0,2024-10-01 11:43:33,2024-10-01 11:43:33
466,2024-10-08 12:00:00,103.0,2024-10-01 13:56:52,2024-10-04 09:57:15
467,2024-10-08 12:00:00,103.0,2024-10-01 13:59:07,2024-10-04 09:58:14
468,2024-10-11 12:00:00,103.0,2024-10-01 14:59:35,2024-10-07 17:03:36
469,2024-10-11 12:00:00,103.0,2024-10-01 15:01:50,2024-10-07 17:06:10
470,2024-10-04 14:30:00,145.0,2024-10-01 15:25:54,2024-10-01 15:28:14
471,2024-10-04 14:30:00,145.0,2024-10-01 15:28:05,2024-10-01 15:29:03
472,2024-10-10 13:00:00,40.0,2024-10-01 15:54:19,2024-10-05 19:24:47
473,2024-10-10 13:00:00,40.0,2024-10-01 15:54:27,2024-10-05 19:29:04
474,2024-10-10 12:30:00,47.0,2024-10-01 18:01:26,2024-10-01 18:01:26
475,2024-10-09 13:00:00,46.0,2024-10-02 19:08:37,2024-10-05 14:58:32
476,2024-10-09 13:00:00,46.0,2024-10-02 19:08:41,2024-10-05 15:00:01
477,2024-10-11 13:00:00,28.0,2024-10-02 20:46:57,2024-10-04 11:42:18
478,2024-10-11 13:00:00,28.0,2024-10-02 20:47:00,2024-10-02 20:47:00
479,2025-05-16 20:59:00,18.0,2024-10-02 20:50:21,2024-10-13 21:28:51
480,2025-05-16 20:59:00,18.0,2024-10-02 20:50:23,2024-10-13 21:30:47
481,2025-05-16 20:59:00,18.0,2024-10-02 21:03:34,2024-10-13 21:28:31
482,2025-05-16 20:59:00,18.0,2024-10-02 21:03:49,2024-10-13 21:30:27
483,2024-10-15 13:00:00,22.0,2024-10-02 21:42:27,2024-10-10 12:56:30
484,2024-10-15 13:00:00,22.0,2024-10-02 21:42:28,2024-10-10 12:57:08
487,2024-10-09 14:00:00,24.0,2024-10-03 11:14:02,2024-10-09 19:14:58
488,2024-10-09 13:00:00,29.0,2024-10-03 12:36:44,2024-10-08 16:33:27
489,2024-10-15 12:00:00,103.0,2024-10-03 13:38:33,2024-10-07 17:13:24
490,2024-10-15 12:00:00,103.0,2024-10-03 13:39:50,2024-10-07 17:14:00
491,2024-10-12 13:00:00,30.0,2024-10-03 13:59:52,2024-10-03 13:59:52
492,2024-10-16 13:00:00,30.0,2024-10-03 14:04:54,2024-10-03 14:04:54
493,2024-10-07 13:00:00,27.0,2024-10-03 14:56:28,2024-10-04 13:46:41
494,2024-10-07 13:00:00,27.0,2024-10-03 14:56:50,2024-10-04 13:57:54
495,2024-10-08 19:00:00,116.0,2024-10-03 16:26:42,2024-10-03 16:32:53
496,2024-10-08 14:00:00,141.0,2024-10-03 19:33:53,2024-10-04 12:16:54
498,2024-10-15 16:00:00,39.0,2024-10-04 12:06:40,2024-10-04 12:06:40
499,2024-10-18 16:00:00,39.0,2024-10-04 12:18:27,2024-10-04 12:18:47
500,2025-05-16 19:00:00,113.0,2024-10-04 13:31:44,2024-10-04 13:31:44
501,2025-05-16 19:00:00,113.0,2024-10-04 13:34:32,2024-10-04 13:34:32
502,2024-10-08 14:30:00,145.0,2024-10-04 14:37:31,2024-10-04 14:37:31
503,2024-10-04 14:30:00,145.0,2024-10-04 14:38:56,2024-10-04 14:38:56
504,2025-05-16 19:00:00,113.0,2024-10-04 15:19:35,2024-10-08 13:04:44
506,2025-05-16 19:00:00,113.0,2024-10-04 15:24:58,2024-10-11 11:43:51
518,2024-10-09 14:00:00,24.0,2024-10-04 18:58:07,2024-10-05 14:59:46
519,2024-10-18 19:00:00,115.0,2024-10-04 20:02:06,2024-10-15 14:21:14
520,2024-10-18 19:00:00,115.0,2024-10-04 20:02:11,2024-10-15 14:22:46
521,2024-10-15 19:00:00,115.0,2024-10-04 20:04:05,2024-10-14 16:57:36
522,2024-10-15 19:00:00,115.0,2024-10-04 20:04:07,2024-10-11 16:22:07
523,2024-10-12 13:00:00,46.0,2024-10-04 20:42:25,2024-10-04 20:42:25
524,2024-10-12 13:00:00,46.0,2024-10-04 20:42:28,2024-10-09 13:00:43
525,2024-10-12 14:00:00,23.0,2024-10-05 14:11:48,2024-10-10 14:47:48
526,2024-10-09 13:00:00,12.0,2024-10-05 15:02:27,2024-10-05 15:02:27
527,2024-10-09 13:00:00,12.0,2024-10-05 15:03:14,2024-10-05 15:03:14
528,2024-10-12 14:00:00,23.0,2024-10-05 15:14:52,2024-10-10 14:48:35
529,2024-10-16 13:00:00,46.0,2024-10-05 17:58:50,2024-10-05 17:58:50
530,2024-10-16 13:00:00,46.0,2024-10-05 17:59:12,2024-10-11 17:12:53
531,2024-10-11 14:30:00,54.0,2024-10-05 18:47:52,2024-10-08 16:15:00
532,2024-10-11 14:30:00,54.0,2024-10-05 18:49:04,2024-10-08 16:15:26
533,2024-10-15 14:30:00,149.0,2024-10-05 18:57:22,2024-10-29 17:51:25
534,2024-10-15 14:30:00,149.0,2024-10-05 18:58:33,2024-10-29 17:53:05
535,2024-10-11 14:00:00,132.0,2024-10-05 20:11:55,2024-10-05 20:16:21
536,2024-10-15 14:00:00,133.0,2024-10-05 20:20:15,2024-10-05 20:20:33
537,2024-10-11 19:00:00,116.0,2024-10-06 21:03:03,2024-10-08 10:44:15
538,2024-10-10 13:00:00,27.0,2024-10-07 15:14:34,2024-10-07 15:16:13
539,2024-10-10 13:00:00,27.0,2024-10-07 15:14:48,2024-10-07 15:15:05
540,2024-10-14 13:00:00,40.0,2024-10-07 17:20:02,2024-10-07 17:20:02
541,2024-10-14 13:00:00,40.0,2024-10-07 17:20:16,2024-10-07 17:20:16
542,2024-10-17 13:00:00,40.0,2024-10-07 17:25:07,2024-10-13 17:37:15
543,2024-10-17 13:00:00,40.0,2024-10-07 17:26:23,2024-10-13 17:34:17
544,2024-10-14 13:00:00,111.0,2024-10-07 20:07:49,2024-10-07 20:16:28
545,2024-10-14 13:00:00,111.0,2024-10-07 20:07:54,2024-10-09 11:38:55
546,2024-10-17 15:00:00,112.0,2024-10-07 20:10:29,2024-10-08 11:54:54
547,2024-10-17 15:00:00,112.0,2024-10-07 20:10:35,2024-10-08 11:55:12
548,2024-10-19 13:00:00,30.0,2024-10-08 15:33:45,2024-10-08 15:34:06
549,2024-10-23 13:00:00,31.0,2024-10-08 15:38:43,2024-10-08 15:38:43
550,2024-10-11 14:30:00,145.0,2024-10-08 15:43:33,2024-10-08 15:43:33
551,2024-10-11 14:30:00,145.0,2024-10-08 15:43:36,2024-10-08 15:43:36
552,2024-10-16 14:00:00,24.0,2024-10-09 04:25:32,2024-10-10 14:49:27
553,2024-10-16 14:00:00,24.0,2024-10-09 04:30:37,2024-10-10 14:51:35
556,2025-05-30 17:00:00,143.0,2024-10-09 15:47:53,2024-10-09 15:47:53
557,2025-05-30 17:00:00,143.0,2024-10-09 15:52:28,2024-10-09 15:52:28
558,2024-10-15 19:00:00,116.0,2024-10-09 20:50:16,2024-10-09 20:50:16
559,2024-10-18 19:00:00,116.0,2024-10-09 21:08:35,2024-10-14 17:45:44
561,2024-10-22 16:00:00,39.0,2024-10-10 10:10:53,2024-10-10 10:12:13
562,2024-10-25 16:00:00,39.0,2024-10-10 10:14:34,2024-10-21 15:45:27
563,2024-10-18 12:00:00,104.0,2024-10-10 11:56:53,2024-10-14 16:36:53
564,2024-10-18 12:00:00,104.0,2024-10-10 12:01:42,2024-10-10 14:35:30
565,2024-10-22 12:00:00,104.0,2024-10-10 14:03:02,2024-10-10 14:04:08
566,2024-10-22 12:00:00,104.0,2024-10-10 14:03:45,2024-10-10 14:05:06
569,2024-10-14 12:30:00,47.0,2024-10-10 16:07:44,2024-10-10 16:43:44
570,2024-10-14 13:00:00,11.0,2024-10-10 17:00:30,2024-10-10 17:00:30
572,2024-10-21 14:30:00,137.0,2024-10-10 17:53:23,2024-10-14 08:17:26
573,2024-10-21 14:30:00,137.0,2024-10-10 17:56:08,2024-10-14 08:18:32
574,2024-10-18 13:00:00,22.0,2024-10-10 22:15:33,2024-10-10 22:15:33
575,2024-10-18 13:00:00,22.0,2024-10-10 22:15:35,2024-10-10 22:15:35
576,2024-10-19 14:00:00,24.0,2024-10-10 22:24:32,2024-10-15 14:34:43
577,2024-10-19 14:00:00,24.0,2024-10-10 22:28:02,2024-10-15 19:34:24
578,2025-05-16 20:59:00,18.0,2024-10-10 23:18:50,2024-10-10 23:18:50
579,2025-05-16 20:59:00,18.0,2024-10-10 23:18:52,2024-10-10 23:18:52
580,2024-10-15 14:30:00,145.0,2024-10-11 05:33:07,2024-10-11 05:33:07
581,2024-10-15 14:30:00,145.0,2024-10-11 05:34:03,2024-10-11 05:34:03
583,2024-10-22 19:00:00,114.0,2024-10-11 18:22:04,2024-10-11 18:22:04
584,2024-10-22 19:00:00,114.0,2024-10-11 18:22:05,2024-10-11 18:22:05
585,2024-10-25 19:00:00,114.0,2024-10-11 18:37:01,2024-10-11 18:37:01
586,2024-10-25 19:00:00,114.0,2024-10-11 18:37:02,2024-10-11 18:37:02
588,2024-10-19 13:00:00,46.0,2024-10-11 21:08:02,2024-10-21 15:20:03
589,2024-10-19 13:00:00,46.0,2024-10-11 21:10:50,2024-10-21 15:21:10
590,2024-10-18 14:30:00,54.0,2024-10-12 19:54:10,2024-10-15 16:10:48
591,2024-10-18 14:00:00,133.0,2024-10-12 20:10:48,2024-10-12 20:11:38
592,2024-10-22 14:30:00,51.0,2024-10-12 20:16:58,2024-10-29 17:55:09
593,2024-10-25 14:30:00,59.0,2024-10-12 20:22:01,2024-10-12 20:22:01
594,2024-10-22 14:00:00,133.0,2024-10-12 20:41:31,2024-10-12 20:41:31
595,2024-10-21 13:00:00,15.0,2024-10-13 17:24:44,2024-10-13 17:24:44
596,2024-10-21 13:00:00,40.0,2024-10-13 17:27:00,2024-10-13 17:27:00
597,2024-10-28 13:00:00,128.0,2024-10-13 17:30:05,2024-10-13 17:30:05
598,2024-10-17 14:30:00,21.0,2024-10-14 07:43:35,2024-10-14 08:17:40
599,2024-10-17 14:30:00,21.0,2024-10-14 07:47:00,2024-10-14 08:18:43
600,2024-10-21 14:30:00,21.0,2024-10-14 07:52:01,2024-10-17 04:52:07
601,2024-10-21 14:30:00,21.0,2024-10-14 07:53:29,2024-10-17 04:50:25
602,2024-10-17 12:30:00,47.0,2024-10-14 09:24:15,2024-10-14 09:27:33
603,2024-10-21 20:59:00,150.0,2024-10-14 14:45:37,2024-10-14 14:46:30
604,2024-10-29 16:00:00,39.0,2024-10-14 18:41:37,2024-10-14 18:41:37
606,2024-11-01 16:00:00,39.0,2024-10-14 19:21:20,2024-10-14 19:23:46
607,2024-10-24 13:00:00,112.0,2024-10-14 19:30:05,2024-10-14 19:30:05
608,2024-10-17 13:00:00,27.0,2024-10-14 20:23:28,2024-10-14 20:24:12
609,2024-10-23 14:00:00,24.0,2024-10-14 22:31:43,2024-10-15 14:16:13
611,2024-10-23 14:00:00,24.0,2024-10-14 22:37:22,2024-10-15 14:16:03
612,2024-10-25 12:00:00,17.0,2024-10-15 13:30:25,2024-10-15 13:31:56
613,2024-10-18 14:30:00,145.0,2024-10-15 16:00:59,2024-10-15 16:00:59
614,2024-11-06 16:00:00,39.0,2024-10-16 08:43:43,2024-11-06 05:09:20
615,2024-11-12 16:00:00,39.0,2024-10-16 08:46:30,2024-11-07 18:28:13
616,2024-10-21 13:00:00,112.0,2024-10-16 18:32:48,2024-10-16 18:32:48
618,2024-10-21 19:00:00,47.0,2024-10-17 09:28:24,2024-10-17 12:26:08
619,2024-10-22 19:00:00,116.0,2024-10-17 17:06:23,2024-10-17 17:06:23
621,2024-10-23 13:00:00,46.0,2024-10-17 19:23:12,2024-10-19 08:26:01
622,2024-10-23 13:00:00,46.0,2024-10-17 19:32:00,2024-10-17 19:32:00
623,2024-10-21 13:00:00,27.0,2024-10-17 20:08:49,2024-10-17 20:10:35
624,2024-10-25 13:00:00,21.0,2024-10-17 21:31:40,2024-10-17 21:31:40
625,2024-10-25 13:00:00,21.0,2024-10-17 21:31:43,2024-10-17 21:31:43
626,2024-10-29 13:00:00,21.0,2024-10-17 22:06:38,2024-10-17 22:06:38
627,2024-10-29 13:00:00,21.0,2024-10-17 22:06:42,2024-10-17 22:06:42
628,2024-10-29 13:00:00,18.0,2024-10-17 22:10:45,2024-10-29 15:03:29
629,2024-10-29 13:00:00,18.0,2024-10-17 22:10:47,2024-10-29 15:03:26
630,2025-05-16 20:59:00,18.0,2024-10-17 22:16:08,2024-10-17 22:16:08
631,2025-05-16 20:59:00,18.0,2024-10-17 22:16:10,2024-10-17 22:16:10
632,2024-10-26 14:00:00,135.0,2024-10-17 22:25:23,2024-10-24 18:26:51
633,2024-10-26 14:00:00,135.0,2024-10-17 22:30:36,2024-10-17 22:30:36
634,2024-10-22 14:30:00,145.0,2024-10-18 05:55:16,2024-10-18 05:55:16
635,2025-05-16 19:00:00,113.0,2024-10-18 14:19:03,2024-10-18 14:19:03
636,2024-10-25 12:00:00,104.0,2024-10-18 15:02:57,2024-10-18 15:02:57
637,2024-10-29 12:00:00,104.0,2024-10-18 15:10:08,2024-10-18 15:10:08
638,2024-11-01 12:00:00,17.0,2024-10-18 15:31:34,2024-10-18 15:31:51
640,2025-05-16 19:00:00,113.0,2024-10-18 20:44:07,2024-10-18 20:44:07
641,2025-05-16 19:00:00,113.0,2024-10-18 20:44:08,2024-10-18 20:44:08
643,2024-10-29 19:00:00,124.0,2024-10-18 21:41:50,2024-10-22 12:28:43
644,2024-10-25 19:00:00,124.0,2024-10-18 21:41:52,2024-10-18 21:41:52
645,2024-10-25 19:00:00,116.0,2024-10-19 08:51:02,2024-10-19 08:51:02
646,2025-05-16 19:00:00,113.0,2024-10-19 08:57:06,2024-10-19 08:57:06
647,2024-10-29 19:00:00,116.0,2024-10-19 08:57:53,2024-10-19 08:57:53
649,2024-10-24 14:30:00,21.0,2024-10-19 09:10:02,2024-10-19 11:45:03
650,2024-10-24 14:30:00,21.0,2024-10-19 09:10:59,2024-10-19 11:45:07
651,2024-10-28 14:30:00,21.0,2024-10-19 09:16:16,2024-10-19 09:16:16
652,2024-10-28 14:30:00,21.0,2024-10-19 09:17:58,2024-10-19 09:17:58
653,2024-10-25 14:30:00,133.0,2024-10-19 13:38:57,2024-10-19 13:39:51
654,2024-10-29 14:30:00,133.0,2024-10-19 13:44:02,2024-10-19 13:44:02
655,2024-10-30 19:00:00,30.0,2024-10-19 16:43:57,2024-10-28 11:47:19
656,2024-10-30 19:00:00,30.0,2024-10-19 16:50:01,2024-10-28 11:47:48
657,2024-10-25 14:30:00,55.0,2024-10-19 18:03:24,2024-10-22 15:57:18
658,2024-10-29 14:30:00,71.0,2024-10-19 18:27:56,2024-10-29 17:57:27
659,2024-10-28 13:00:00,40.0,2024-10-20 17:28:07,2024-10-20 17:29:16
660,2024-10-24 19:00:00,47.0,2024-10-21 08:40:18,2024-10-21 12:52:03
661,2024-10-28 13:00:00,112.0,2024-10-21 10:23:36,2024-10-21 10:23:36
662,2024-10-31 13:00:00,112.0,2024-10-21 10:37:09,2024-10-21 10:37:09
663,2024-10-28 13:00:00,42.0,2024-10-21 18:17:23,2024-10-21 18:17:23
664,2024-10-24 13:00:00,27.0,2024-10-21 18:19:33,2024-10-21 18:19:46
665,2024-10-28 20:59:00,151.0,2024-10-21 18:27:16,2024-10-21 18:30:22
666,2024-10-29 19:00:00,115.0,2024-10-21 20:41:09,2024-10-21 20:41:09
667,2024-10-29 19:00:00,115.0,2024-10-21 20:41:11,2024-10-21 20:41:11
668,2024-09-20 19:00:00,19.0,2024-10-22 11:50:39,2024-10-22 11:50:39
669,2024-09-20 19:00:00,124.0,2024-10-22 11:51:41,2024-10-22 11:51:41
671,2024-10-25 14:30:00,145.0,2024-10-22 16:52:23,2024-10-22 16:52:23
672,2024-11-01 19:00:00,115.0,2024-10-22 20:25:38,2024-10-30 16:13:37
673,2024-11-01 19:00:00,115.0,2024-10-22 20:25:39,2024-10-30 16:14:47
676,2024-10-26 13:00:00,46.0,2024-10-23 09:09:17,2024-10-23 09:11:07
677,2024-10-26 13:00:00,46.0,2024-10-23 09:12:15,2024-10-23 09:12:15
678,2024-10-28 19:00:00,47.0,2024-10-23 11:17:35,2024-10-23 11:17:35
679,2024-10-31 19:00:00,47.0,2024-10-23 13:34:50,2024-10-26 12:26:16
680,2024-11-01 19:00:00,116.0,2024-10-23 14:55:48,2024-10-23 14:55:48
681,2024-11-05 19:00:00,116.0,2024-10-23 14:58:34,2024-10-23 14:58:34
682,2024-10-31 14:30:00,21.0,2024-10-23 15:06:25,2024-10-23 15:06:25
683,2024-10-31 14:30:00,21.0,2024-10-23 15:08:09,2024-10-23 15:08:09
684,2024-10-28 20:59:00,11.0,2024-10-24 15:53:31,2024-10-24 15:55:03
685,2024-11-12 16:00:00,38.0,2024-10-24 17:49:04,2024-10-24 17:51:12
686,2024-11-15 16:00:00,39.0,2024-10-24 17:55:31,2024-10-24 17:55:31
687,2024-10-30 14:00:00,24.0,2024-10-24 19:27:38,2024-10-24 19:34:33
688,2024-10-30 14:00:00,24.0,2024-10-24 19:38:07,2024-10-24 19:38:07
689,2025-05-16 19:00:00,113.0,2024-10-25 10:15:51,2024-10-25 10:15:51
690,2025-05-16 19:00:00,113.0,2024-10-25 10:22:44,2024-10-25 10:22:44
691,2025-05-16 19:00:00,113.0,2024-10-25 10:24:36,2024-10-25 10:24:36
692,2024-11-01 13:00:00,22.0,2024-10-25 12:16:16,2024-10-25 12:16:16
693,2024-11-01 13:00:00,22.0,2024-10-25 12:16:18,2024-10-25 12:16:18
694,2024-11-01 13:00:00,18.0,2024-10-25 12:18:24,2024-10-29 15:10:47
695,2024-11-01 13:00:00,18.0,2024-10-25 12:18:26,2024-10-29 15:10:49
696,2025-05-16 20:59:00,18.0,2024-10-25 12:22:01,2024-10-25 12:22:01
697,2025-05-16 20:59:00,18.0,2024-10-25 12:22:04,2024-10-25 12:22:04
698,2024-11-05 13:00:00,22.0,2024-10-25 13:00:18,2024-10-25 13:00:18
699,2024-11-05 13:00:00,22.0,2024-10-25 13:00:20,2024-10-25 13:00:20
700,2024-11-05 13:00:00,18.0,2024-10-25 13:02:14,2024-11-01 13:19:22
701,2024-11-05 13:00:00,18.0,2024-10-25 13:02:16,2024-11-01 13:19:25
704,2024-10-29 14:30:00,145.0,2024-10-25 14:38:03,2024-10-25 14:38:03
707,2024-10-30 13:00:00,46.0,2024-10-25 17:12:14,2024-10-25 17:40:56
708,2024-10-31 13:00:00,40.0,2024-10-25 17:47:38,2024-10-25 17:47:38
709,2024-11-01 12:00:00,104.0,2024-10-25 20:01:40,2024-10-25 20:02:20
710,2024-11-08 12:00:00,17.0,2024-10-25 20:07:23,2024-10-25 20:07:23
712,2024-10-30 13:00:00,12.0,2024-10-26 12:53:22,2024-10-26 12:53:22
713,2024-11-02 19:00:00,30.0,2024-10-26 16:07:05,2024-10-28 11:48:27
714,2024-11-06 19:00:00,32.0,2024-10-26 16:11:01,2024-11-01 17:10:06
715,2024-11-01 14:30:00,54.0,2024-10-26 19:07:09,2024-10-29 15:58:08
716,2024-11-05 19:00:00,51.0,2024-10-26 19:32:01,2024-11-02 01:39:02
717,2024-11-08 19:00:00,62.0,2024-10-26 19:34:40,2024-11-02 01:39:28
718,2024-11-01 14:30:00,133.0,2024-10-26 20:22:03,2024-10-26 20:22:03
719,2024-11-05 14:30:00,133.0,2024-10-26 20:35:08,2024-10-26 20:37:58
720,2024-11-19 16:00:00,39.0,2024-10-27 11:30:45,2024-10-27 11:30:45
721,2024-11-22 16:00:00,39.0,2024-10-27 11:33:19,2024-10-27 11:33:19
722,2025-05-16 19:00:00,113.0,2024-10-27 16:51:18,2024-10-27 16:51:18
723,2025-05-16 19:00:00,113.0,2024-10-27 16:51:19,2024-10-27 16:51:19
727,2024-11-05 13:00:00,112.0,2024-10-28 13:56:08,2024-11-04 12:08:34
728,2024-11-07 13:00:00,112.0,2024-10-28 14:00:13,2024-10-28 14:00:13
729,2024-10-31 13:00:00,27.0,2024-10-28 14:43:03,2024-10-28 14:43:03
730,2024-11-05 19:00:00,115.0,2024-10-28 15:15:12,2024-10-28 15:15:12
731,2024-11-05 19:00:00,115.0,2024-10-28 15:15:14,2024-10-28 15:15:14
732,2024-11-02 14:00:00,24.0,2024-10-28 18:09:00,2024-10-28 18:09:00
733,2024-11-02 14:00:00,24.0,2024-10-28 18:13:48,2024-10-28 18:13:48
734,2024-11-06 14:00:00,13.0,2024-10-28 18:34:33,2024-10-31 07:24:54
735,2024-11-05 13:00:00,42.0,2024-10-28 18:36:03,2024-11-04 15:42:10
736,2024-11-06 14:00:00,13.0,2024-10-28 18:44:51,2024-10-31 07:25:46
737,2024-11-02 13:00:00,46.0,2024-10-28 19:48:02,2024-10-28 19:48:02
738,2025-05-16 19:00:00,113.0,2024-10-28 20:26:32,2024-10-28 20:26:32
739,2025-05-16 19:00:00,113.0,2024-10-28 20:26:33,2024-10-28 20:26:33
740,2025-05-16 19:00:00,113.0,2024-10-28 20:47:00,2024-10-28 20:47:00
741,2025-05-16 19:00:00,113.0,2024-10-28 20:47:01,2024-10-28 20:47:01
742,2024-11-08 19:00:00,114.0,2024-10-28 20:56:47,2024-10-28 20:56:47
743,2024-11-08 19:00:00,114.0,2024-10-28 20:56:48,2024-10-28 20:56:48
744,2024-11-12 19:00:00,114.0,2024-10-28 21:11:34,2024-10-28 21:11:34
745,2024-11-12 19:00:00,114.0,2024-10-28 21:11:36,2024-10-28 21:11:36
746,2024-11-01 14:30:00,145.0,2024-10-29 16:02:49,2024-10-29 16:02:49
747,2024-11-04 14:30:00,22.0,2024-10-30 16:19:19,2024-10-30 16:52:08
749,2024-11-04 14:30:00,22.0,2024-10-30 16:53:51,2024-10-30 16:54:32
750,2024-11-06 19:00:00,47.0,2024-10-30 17:42:12,2024-11-06 11:43:01
751,2024-11-04 20:59:00,11.0,2024-10-31 15:58:14,2024-10-31 16:01:14
754,2024-11-05 13:00:00,27.0,2024-10-31 21:21:26,2024-11-04 16:44:22
755,2024-11-06 13:00:00,44.0,2024-10-31 22:07:05,2024-10-31 22:07:05
756,2024-11-06 20:59:00,152.0,2024-11-01 11:49:48,2024-11-01 11:49:48
757,2024-11-08 13:00:00,22.0,2024-11-01 15:10:04,2024-11-01 15:10:04
758,2024-11-08 13:00:00,22.0,2024-11-01 15:10:05,2024-11-01 15:10:05
759,2025-05-16 20:59:00,18.0,2024-11-01 15:14:08,2024-11-05 14:10:24
760,2025-05-16 20:59:00,18.0,2024-11-01 15:14:09,2024-11-05 14:10:43
761,2024-11-05 19:00:00,145.0,2024-11-01 15:29:34,2024-11-02 01:39:49
763,2024-11-11 13:00:00,42.0,2024-11-01 16:17:11,2024-11-01 16:17:11
764,2025-05-31 14:30:00,18.0,2024-11-01 17:20:26,2024-11-05 07:58:34
765,2025-05-31 14:30:00,18.0,2024-11-01 17:34:46,2024-11-05 07:59:12
766,2024-11-07 14:30:00,21.0,2024-11-01 17:39:28,2024-11-01 17:41:32
767,2024-11-11 14:30:00,21.0,2024-11-01 17:43:51,2024-11-01 17:43:51
768,2024-11-08 19:00:00,116.0,2024-11-01 18:24:02,2024-11-01 18:24:02
769,2024-11-12 19:00:00,116.0,2024-11-01 18:29:52,2024-11-01 18:30:21
770,2024-11-08 19:00:00,47.0,2024-11-02 06:55:02,2024-11-06 11:43:38
771,2024-11-08 14:30:00,133.0,2024-11-02 14:22:39,2024-11-02 14:22:39
772,2024-11-12 14:30:00,133.0,2024-11-02 14:27:34,2024-11-02 14:27:34
773,2024-11-09 19:00:00,30.0,2024-11-02 14:54:03,2024-11-02 14:54:03
774,2024-11-13 19:00:00,30.0,2024-11-02 14:57:56,2024-11-09 14:37:28
775,2024-11-08 19:00:00,103.0,2024-11-02 15:32:20,2024-11-02 15:32:43
776,2024-11-12 19:00:00,104.0,2024-11-02 15:37:35,2024-11-02 15:38:59
777,2024-11-15 19:00:00,17.0,2024-11-02 15:43:12,2024-11-02 15:44:45
778,2024-11-08 19:00:00,55.0,2024-11-02 20:10:05,2024-11-05 14:25:54
779,2024-11-12 19:00:00,74.0,2024-11-02 20:16:53,2024-11-08 19:31:12
782,2024-11-26 16:00:00,39.0,2024-11-03 14:18:21,2024-11-03 14:19:21
783,2024-11-11 13:00:00,40.0,2024-11-03 18:14:13,2024-11-03 18:14:13
784,2024-11-11 13:00:00,40.0,2024-11-03 18:20:42,2024-11-03 18:20:42
785,2024-11-07 19:00:00,153.0,2024-11-04 03:16:59,2024-11-04 20:44:24
786,2024-11-07 19:00:00,23.0,2024-11-04 03:19:52,2024-11-04 11:26:04
787,2024-11-07 19:00:00,23.0,2024-11-04 11:24:32,2024-11-04 11:25:04
788,2024-11-10 20:59:00,155.0,2024-11-04 11:40:57,2024-11-05 17:27:01
789,2024-11-11 19:00:00,47.0,2024-11-04 12:22:26,2024-11-04 12:22:26
790,2024-11-11 13:00:00,112.0,2024-11-04 15:33:02,2024-11-04 15:33:02
791,2024-11-11 13:00:00,112.0,2024-11-04 15:36:48,2024-11-04 15:36:48
792,2024-11-14 13:00:00,112.0,2024-11-04 15:48:44,2024-11-04 15:48:44
793,2024-11-07 14:30:00,21.0,2024-11-04 16:12:54,2024-11-04 16:13:23
794,2024-11-11 14:30:00,21.0,2024-11-04 16:15:02,2024-11-04 16:15:02
795,2025-05-16 19:00:00,113.0,2024-11-04 17:33:21,2024-11-04 17:33:21
796,2025-05-16 19:00:00,113.0,2024-11-04 17:33:22,2024-11-04 17:33:22
797,2024-11-07 13:00:00,27.0,2024-11-04 18:18:20,2024-11-04 18:18:32
798,2025-05-16 19:00:00,113.0,2024-11-04 20:54:33,2024-11-04 20:54:33
799,2025-05-16 19:00:00,113.0,2024-11-04 20:54:34,2024-11-04 20:54:34
800,2024-11-15 19:00:00,114.0,2024-11-04 21:06:37,2024-11-04 21:06:37
801,2024-11-15 19:00:00,114.0,2024-11-04 21:06:39,2024-11-04 21:06:39
802,2024-11-19 19:00:00,114.0,2024-11-04 21:15:30,2024-11-04 21:15:30
803,2024-11-19 19:00:00,114.0,2024-11-04 21:15:32,2024-11-04 21:15:32
804,2024-11-22 19:00:00,114.0,2024-11-04 21:26:26,2024-11-04 21:26:26
805,2024-11-22 19:00:00,114.0,2024-11-04 21:26:29,2024-11-04 21:26:29
806,2024-11-26 19:00:00,115.0,2024-11-04 21:44:41,2024-11-04 21:44:41
807,2024-11-26 19:00:00,115.0,2024-11-04 21:44:43,2024-11-04 21:44:43
808,2024-11-09 13:00:00,46.0,2024-11-05 09:18:16,2024-11-05 09:18:16
809,2024-11-08 19:00:00,145.0,2024-11-05 14:07:38,2024-11-05 14:07:38
811,2024-11-09 14:00:00,24.0,2024-11-06 04:59:05,2024-11-06 04:59:05
812,2024-11-14 14:30:00,21.0,2024-11-06 14:29:36,2024-11-06 14:29:36
813,2024-11-18 14:30:00,21.0,2024-11-06 14:33:45,2024-11-06 14:33:45
814,2024-11-14 14:30:00,21.0,2024-11-06 14:35:54,2024-11-06 14:35:54
815,2024-11-18 14:30:00,21.0,2024-11-06 14:37:07,2024-11-06 14:37:07
816,2024-11-15 19:00:00,116.0,2024-11-06 14:42:20,2024-11-06 14:43:00
817,2024-11-19 19:00:00,116.0,2024-11-06 14:44:23,2024-11-06 14:44:23
818,2024-11-12 13:00:00,22.0,2024-11-06 17:55:24,2024-11-06 17:55:24
819,2024-11-12 13:00:00,22.0,2024-11-06 17:55:26,2024-11-06 17:55:26
820,2025-05-16 20:59:00,18.0,2024-11-06 17:57:50,2024-11-06 17:57:50
821,2025-05-16 20:59:00,18.0,2024-11-06 17:57:52,2024-11-06 17:57:52
822,2024-11-13 14:00:00,24.0,2024-11-07 08:46:29,2024-11-07 08:47:38
823,2024-11-11 13:00:00,27.0,2024-11-07 17:16:22,2024-11-07 17:16:38
824,2024-11-13 13:00:00,46.0,2024-11-08 09:23:34,2024-11-08 09:23:34
825,2024-11-12 19:00:00,145.0,2024-11-08 14:25:05,2024-11-08 14:25:05
826,2024-11-14 13:00:00,40.0,2024-11-08 18:48:17,2024-11-08 18:48:17
827,2024-11-17 20:59:00,156.0,2024-11-08 18:51:31,2024-11-08 18:51:31
830,2025-05-31 14:30:00,18.0,2024-11-09 13:25:20,2024-11-09 13:25:20
831,2025-05-31 14:30:00,18.0,2024-11-09 14:13:37,2024-11-09 14:14:14
832,2024-11-14 19:00:00,49.0,2024-11-09 15:42:26,2024-11-09 15:43:46
833,2024-11-16 19:00:00,30.0,2024-11-09 15:52:38,2024-11-09 15:52:38
834,2024-11-23 19:00:00,30.0,2024-11-09 15:56:26,2024-11-09 15:56:26
835,2024-11-15 19:00:00,104.0,2024-11-09 17:12:42,2024-11-09 17:12:42
836,2024-11-19 19:00:00,104.0,2024-11-09 17:17:24,2024-11-09 17:18:20
837,2024-11-22 19:00:00,17.0,2024-11-09 17:22:57,2024-11-09 17:24:52
838,2024-11-14 19:00:00,153.0,2024-11-09 17:31:40,2024-11-09 17:56:28
839,2024-11-14 19:00:00,153.0,2024-11-09 17:37:19,2024-11-10 10:55:30
840,2024-11-14 19:00:00,153.0,2024-11-09 17:41:50,2024-11-09 17:52:50
842,2024-11-16 14:00:00,24.0,2024-11-09 20:45:37,2024-11-09 22:24:33
843,2024-11-15 14:30:00,133.0,2024-11-09 21:00:23,2024-11-09 21:00:23
