id,homework_id,lesson_id,created_at,updated_at
5,40,6,2024-08-03 11:59:33,2024-08-03 11:59:33
7,42,14,2024-08-03 12:18:14,2024-08-03 12:18:14
8,43,8,2024-08-03 12:20:58,2024-08-03 12:20:58
10,45,12,2024-08-03 12:29:23,2024-08-03 12:29:23
11,46,9,2024-08-03 12:38:56,2024-08-03 12:38:56
12,47,11,2024-08-03 12:43:45,2024-08-03 12:43:45
13,48,13,2024-08-03 12:45:47,2024-08-03 12:45:47
14,49,94,2024-08-03 14:06:06,2024-08-03 14:06:06
15,50,94,2024-08-03 14:07:31,2024-08-03 14:07:31
16,51,94,2024-08-03 14:09:11,2024-08-03 14:09:11
19,54,16,2024-08-09 16:14:38,2024-08-09 16:14:38
20,55,17,2024-08-09 16:41:53,2024-08-09 16:41:53
22,57,95,2024-08-10 03:22:04,2024-08-10 03:22:04
23,58,96,2024-08-10 03:28:13,2024-08-10 03:28:13
24,59,97,2024-08-10 03:36:29,2024-08-10 03:36:29
25,60,98,2024-08-10 03:42:29,2024-08-10 03:42:29
26,61,99,2024-08-10 04:00:50,2024-08-10 04:00:50
27,62,100,2024-08-10 04:17:36,2024-08-10 04:17:36
28,63,84,2024-08-10 10:25:23,2024-08-10 10:25:23
29,64,79,2024-08-10 10:34:48,2024-08-10 10:34:48
30,65,80,2024-08-10 10:41:17,2024-08-10 10:41:17
31,66,81,2024-08-10 10:45:16,2024-08-10 10:45:16
32,67,82,2024-08-10 10:49:28,2024-08-10 10:49:28
33,68,83,2024-08-10 10:53:23,2024-08-10 10:53:23
34,69,84,2024-08-10 10:57:46,2024-08-10 10:57:46
35,70,36,2024-08-10 11:46:16,2024-08-10 11:46:16
36,71,32,2024-08-11 13:27:31,2024-08-11 13:27:31
38,73,31,2024-08-11 13:32:05,2024-08-11 13:32:05
39,74,33,2024-08-11 13:34:28,2024-08-11 13:34:28
40,75,34,2024-08-11 13:36:36,2024-08-11 13:36:36
41,76,35,2024-08-11 13:41:52,2024-08-11 13:41:52
42,77,18,2024-08-12 07:21:30,2024-08-12 07:21:30
43,78,19,2024-08-12 07:32:57,2024-08-12 07:32:57
44,79,20,2024-08-12 07:41:26,2024-08-12 07:41:26
47,82,54,2024-08-12 09:27:25,2024-08-12 09:27:25
48,83,55,2024-08-12 09:34:28,2024-08-12 09:34:28
49,84,56,2024-08-12 10:04:10,2024-08-12 10:04:10
50,85,57,2024-08-12 10:37:01,2024-08-12 10:37:01
51,86,58,2024-08-12 11:23:20,2024-08-12 11:23:20
52,87,59,2024-08-12 11:40:48,2024-08-12 11:40:48
53,88,60,2024-08-12 11:49:51,2024-08-12 11:49:51
54,89,61,2024-08-12 12:04:09,2024-08-12 12:04:09
55,90,62,2024-08-12 12:11:15,2024-08-12 12:11:15
56,91,63,2024-08-12 12:16:01,2024-08-12 12:16:01
57,92,64,2024-08-12 12:19:21,2024-08-12 12:19:21
58,93,23,2024-08-12 14:07:07,2024-08-12 14:07:07
60,95,24,2024-08-12 14:16:42,2024-08-12 14:16:42
61,96,25,2024-08-12 14:20:34,2024-08-12 14:20:34
62,97,26,2024-08-12 14:27:43,2024-08-12 14:27:43
63,98,27,2024-08-12 14:30:31,2024-08-12 14:30:31
64,99,28,2024-08-12 14:33:01,2024-08-12 14:33:01
65,100,29,2024-08-12 14:49:42,2024-08-12 14:49:42
66,101,39,2024-08-13 07:50:16,2024-08-13 07:50:16
67,102,40,2024-08-13 07:53:26,2024-08-13 07:53:26
68,103,41,2024-08-13 07:56:28,2024-08-13 07:56:28
69,104,42,2024-08-13 07:59:27,2024-08-13 07:59:27
70,105,43,2024-08-13 08:03:08,2024-08-13 08:03:08
71,106,44,2024-08-13 08:05:24,2024-08-13 08:05:24
72,107,45,2024-08-13 08:07:45,2024-08-13 08:07:45
73,108,46,2024-08-13 08:10:06,2024-08-13 08:10:06
74,109,76,2024-08-13 12:32:28,2024-08-13 12:32:28
75,110,10,2024-08-13 12:49:16,2024-08-13 12:49:16
76,111,71,2024-08-13 12:53:45,2024-08-13 12:53:45
77,112,72,2024-08-13 12:59:04,2024-08-13 12:59:04
78,113,73,2024-08-13 13:03:23,2024-08-13 13:03:23
79,114,74,2024-08-13 13:05:59,2024-08-13 13:05:59
80,115,75,2024-08-13 13:18:23,2024-08-13 13:18:23
81,116,48,2024-08-15 11:07:38,2024-08-15 11:07:38
82,117,49,2024-08-15 11:13:38,2024-08-15 11:13:38
83,118,50,2024-08-15 11:20:52,2024-08-15 11:20:52
84,119,51,2024-08-15 11:23:10,2024-08-15 11:23:10
85,120,52,2024-08-15 11:25:13,2024-08-15 11:25:13
86,121,53,2024-08-15 11:27:14,2024-08-15 11:27:14
87,122,37,2024-08-17 12:48:18,2024-08-17 12:48:18
88,123,134,2024-08-19 15:08:57,2024-08-19 15:08:57
89,124,135,2024-08-19 15:13:58,2024-08-19 15:13:58
91,126,22,2024-08-20 08:56:06,2024-08-20 08:56:06
92,127,77,2024-08-22 14:02:23,2024-08-22 14:02:23
93,128,78,2024-08-22 14:05:50,2024-08-22 14:05:50
94,129,38,2024-08-24 12:59:44,2024-08-24 12:59:44
95,130,21,2024-08-28 14:34:36,2024-08-28 14:34:36
96,131,12,2024-08-29 08:14:35,2024-08-29 08:14:35
97,132,39,2024-08-29 08:17:23,2024-08-29 08:17:23
98,133,40,2024-08-29 08:19:25,2024-08-29 08:19:25
99,134,41,2024-08-29 08:20:22,2024-08-29 08:20:22
100,135,42,2024-08-29 08:21:49,2024-08-29 08:21:49
101,136,43,2024-08-29 08:22:59,2024-08-29 08:22:59
102,137,44,2024-08-29 08:24:40,2024-08-29 08:24:40
103,138,45,2024-08-29 08:25:49,2024-08-29 08:25:49
104,139,46,2024-08-29 08:27:39,2024-08-29 08:27:39
105,140,154,2024-09-04 13:23:24,2024-09-04 13:23:24
107,142,197,2024-09-05 06:38:33,2024-09-05 06:38:33
108,143,198,2024-09-05 06:49:48,2024-09-05 06:49:48
109,144,199,2024-09-05 06:58:26,2024-09-05 06:58:26
110,145,200,2024-09-05 06:59:18,2024-09-05 06:59:18
111,146,201,2024-09-05 07:00:46,2024-09-05 07:00:46
112,147,202,2024-09-05 07:01:45,2024-09-05 07:01:45
113,148,203,2024-09-05 07:02:38,2024-09-05 07:02:38
114,149,204,2024-09-05 07:04:20,2024-09-05 07:04:20
115,150,205,2024-09-05 07:05:16,2024-09-05 07:05:16
116,151,206,2024-09-05 07:06:10,2024-09-05 07:06:10
117,152,207,2024-09-05 07:07:11,2024-09-05 07:07:11
121,156,172,2024-09-05 13:43:37,2024-09-05 13:43:37
122,157,171,2024-09-05 13:45:43,2024-09-05 13:45:43
123,158,173,2024-09-05 13:49:19,2024-09-05 13:49:19
124,159,174,2024-09-05 13:51:36,2024-09-05 13:51:36
125,160,176,2024-09-05 13:54:21,2024-09-05 13:54:21
126,161,175,2024-09-05 13:56:07,2024-09-05 13:56:07
127,162,177,2024-09-05 13:58:54,2024-09-05 13:58:54
128,163,186,2024-09-05 14:51:57,2024-09-05 14:51:57
129,164,187,2024-09-05 14:56:17,2024-09-05 14:56:17
130,165,188,2024-09-05 14:57:23,2024-09-05 14:57:23
131,166,189,2024-09-05 14:59:47,2024-09-05 14:59:47
132,167,190,2024-09-05 15:01:01,2024-09-05 15:01:01
133,168,191,2024-09-05 15:02:32,2024-09-05 15:02:32
134,169,192,2024-09-05 15:03:41,2024-09-05 15:03:41
135,170,193,2024-09-05 15:05:12,2024-09-05 15:05:12
136,171,194,2024-09-05 15:06:42,2024-09-05 15:06:42
143,178,225,2024-09-05 21:13:54,2024-09-05 21:13:54
144,179,222,2024-09-05 21:17:04,2024-09-05 21:17:04
145,180,218,2024-09-05 21:19:00,2024-09-05 21:19:00
146,181,220,2024-09-05 21:20:23,2024-09-05 21:20:23
147,182,221,2024-09-05 21:21:53,2024-09-05 21:21:53
148,183,223,2024-09-05 21:23:22,2024-09-05 21:23:22
149,184,224,2024-09-05 21:24:33,2024-09-05 21:24:33
150,185,226,2024-09-05 21:26:29,2024-09-05 21:26:29
151,186,227,2024-09-05 21:28:00,2024-09-05 21:28:00
152,187,208,2024-09-06 07:14:20,2024-09-06 07:14:20
153,188,209,2024-09-06 07:16:19,2024-09-06 07:16:19
154,189,210,2024-09-06 07:17:46,2024-09-06 07:17:46
155,190,211,2024-09-06 07:19:12,2024-09-06 07:19:12
156,191,212,2024-09-06 07:20:53,2024-09-06 07:20:53
157,192,213,2024-09-06 07:22:41,2024-09-06 07:22:41
158,193,214,2024-09-06 07:24:40,2024-09-06 07:24:40
159,194,215,2024-09-06 07:26:14,2024-09-06 07:26:14
160,195,216,2024-09-06 07:27:29,2024-09-06 07:27:29
163,198,179,2024-09-06 08:39:20,2024-09-06 08:39:20
164,199,180,2024-09-06 08:41:19,2024-09-06 08:41:19
165,200,181,2024-09-06 08:44:35,2024-09-06 08:44:35
166,201,182,2024-09-06 08:47:38,2024-09-06 08:47:38
167,202,183,2024-09-06 08:50:11,2024-09-06 08:50:11
168,203,184,2024-09-06 08:53:00,2024-09-06 08:53:00
170,205,184,2024-09-06 08:56:18,2024-09-06 08:56:18
171,206,178,2024-09-06 08:58:04,2024-09-06 08:58:04
172,207,170,2024-09-06 12:11:13,2024-09-06 12:11:13
174,209,236,2024-09-06 13:17:54,2024-09-06 13:17:54
175,210,237,2024-09-06 13:55:40,2024-09-06 13:55:40
176,211,238,2024-09-06 13:57:52,2024-09-06 13:57:52
177,212,239,2024-09-06 13:59:43,2024-09-06 13:59:43
178,213,240,2024-09-06 14:01:04,2024-09-06 14:01:04
179,214,241,2024-09-06 14:02:47,2024-09-06 14:02:47
180,215,242,2024-09-06 14:04:18,2024-09-06 14:04:18
181,216,156,2024-09-06 16:39:55,2024-09-06 16:39:55
182,217,157,2024-09-06 16:41:04,2024-09-06 16:41:04
183,218,158,2024-09-06 16:41:56,2024-09-06 16:41:56
184,219,159,2024-09-06 16:42:45,2024-09-06 16:42:45
186,221,160,2024-09-06 16:45:50,2024-09-06 16:45:50
187,222,161,2024-09-06 16:46:35,2024-09-06 16:46:35
189,224,229,2024-09-07 00:09:59,2024-09-07 00:09:59
191,226,230,2024-09-07 00:12:27,2024-09-07 00:12:27
192,227,231,2024-09-07 00:13:13,2024-09-07 00:13:13
198,233,234,2024-09-07 00:18:15,2024-09-07 00:18:15
199,234,235,2024-09-07 00:19:12,2024-09-07 00:19:12
201,236,155,2024-09-08 14:15:05,2024-09-08 14:15:05
207,242,312,2024-09-13 11:10:39,2024-09-13 11:10:39
208,243,243,2024-09-13 11:12:16,2024-09-13 11:12:16
209,244,312,2024-09-13 11:17:56,2024-09-13 11:17:56
210,245,243,2024-09-13 11:19:35,2024-09-13 11:19:35
211,246,117,2024-09-13 17:51:21,2024-09-13 17:51:21
212,247,167,2024-09-13 17:51:26,2024-09-13 17:51:26
213,248,116,2024-09-13 18:08:45,2024-09-13 18:08:45
214,249,166,2024-09-13 18:10:34,2024-09-13 18:10:34
216,251,116,2024-09-13 18:14:20,2024-09-13 18:14:20
217,252,166,2024-09-14 11:31:06,2024-09-14 11:31:06
218,253,119,2024-09-14 14:44:31,2024-09-14 14:44:31
219,254,117,2024-09-14 16:47:31,2024-09-14 16:47:31
220,255,167,2024-09-14 16:47:35,2024-09-14 16:47:35
221,256,114,2024-09-15 13:03:08,2024-09-15 13:03:08
222,257,121,2024-09-15 13:08:27,2024-09-15 13:08:27
224,259,114,2024-09-15 13:31:53,2024-09-15 13:31:53
225,260,164,2024-09-15 14:55:15,2024-09-15 14:55:15
226,261,164,2024-09-15 14:57:01,2024-09-15 14:57:01
227,262,162,2024-09-15 17:27:47,2024-09-15 17:27:47
228,263,119,2024-09-16 08:18:21,2024-09-16 08:18:21
229,264,392,2024-09-16 08:26:51,2024-09-16 08:26:51
230,265,394,2024-09-16 08:35:55,2024-09-16 08:35:55
231,266,195,2024-09-16 08:42:20,2024-09-16 08:42:20
232,267,195,2024-09-16 08:43:32,2024-09-16 08:43:32
233,268,393,2024-09-16 08:46:33,2024-09-16 08:46:33
234,269,395,2024-09-16 08:48:51,2024-09-16 08:48:51
244,279,120,2024-09-16 16:49:53,2024-09-16 16:49:53
246,281,120,2024-09-16 16:53:30,2024-09-16 16:53:30
247,282,121,2024-09-16 17:36:25,2024-09-16 17:36:25
248,283,162,2024-09-16 17:40:08,2024-09-16 17:40:08
251,286,396,2024-09-17 13:31:42,2024-09-17 13:31:42
252,287,397,2024-09-17 13:35:06,2024-09-17 13:35:06
253,288,246,2024-09-17 13:47:38,2024-09-17 13:47:38
254,289,247,2024-09-17 13:48:09,2024-09-17 13:48:09
255,290,248,2024-09-17 13:55:33,2024-09-17 13:55:33
256,291,249,2024-09-17 13:56:12,2024-09-17 13:56:12
257,292,398,2024-09-17 14:16:19,2024-09-17 14:16:19
258,293,399,2024-09-17 14:20:30,2024-09-17 14:20:30
259,294,263,2024-09-17 18:32:06,2024-09-17 18:32:06
260,295,262,2024-09-17 18:32:08,2024-09-17 18:32:08
261,296,264,2024-09-17 18:36:15,2024-09-17 18:36:15
262,297,265,2024-09-17 18:36:17,2024-09-17 18:36:17
263,298,169,2024-09-17 19:45:43,2024-09-17 19:45:43
264,299,122,2024-09-17 19:45:46,2024-09-17 19:45:46
265,300,169,2024-09-17 19:57:11,2024-09-17 19:57:11
266,301,122,2024-09-17 19:57:16,2024-09-17 19:57:16
267,302,115,2024-09-18 14:56:34,2024-09-18 14:56:34
268,303,376,2024-09-18 16:10:21,2024-09-18 16:10:21
269,304,300,2024-09-18 17:15:37,2024-09-18 17:15:37
271,306,301,2024-09-18 17:22:23,2024-09-18 17:22:23
272,307,314,2024-09-18 17:24:34,2024-09-18 17:24:34
273,308,113,2024-09-18 17:35:10,2024-09-18 17:35:10
275,310,163,2024-09-18 17:58:26,2024-09-18 17:58:26
276,311,113,2024-09-18 18:01:58,2024-09-18 18:01:58
277,312,163,2024-09-18 18:04:36,2024-09-18 18:04:36
279,314,322,2024-09-18 18:47:47,2024-09-18 18:47:47
280,315,323,2024-09-18 18:50:18,2024-09-18 18:50:18
281,316,165,2024-09-18 19:22:08,2024-09-18 19:22:08
285,320,281,2024-09-18 23:02:47,2024-09-18 23:02:47
287,322,280,2024-09-18 23:05:56,2024-09-18 23:05:56
289,324,313,2024-09-19 17:54:25,2024-09-19 17:54:25
299,334,359,2024-09-19 20:38:58,2024-09-19 20:38:58
301,336,358,2024-09-19 20:45:28,2024-09-19 20:45:28
302,337,113,2024-09-20 15:40:55,2024-09-20 15:40:55
303,338,163,2024-09-20 15:44:13,2024-09-20 15:44:13
307,342,112,2024-09-20 18:23:23,2024-09-20 18:23:23
318,353,396,2024-09-21 07:00:05,2024-09-21 07:00:05
319,354,397,2024-09-21 07:08:55,2024-09-21 07:08:55
321,356,110,2024-09-21 17:48:23,2024-09-21 17:48:23
322,357,110,2024-09-21 17:50:29,2024-09-21 17:50:29
323,358,112,2024-09-21 18:06:40,2024-09-21 18:06:40
324,359,332,2024-09-21 18:13:19,2024-09-21 18:13:19
325,360,331,2024-09-21 18:14:46,2024-09-21 18:14:46
326,361,336,2024-09-21 18:51:59,2024-09-21 18:51:59
327,362,335,2024-09-21 19:00:55,2024-09-21 19:00:55
328,363,420,2024-09-21 19:40:57,2024-09-21 19:40:57
329,364,421,2024-09-21 19:41:20,2024-09-21 19:41:20
330,365,422,2024-09-21 19:52:44,2024-09-21 19:52:44
331,366,423,2024-09-21 19:59:20,2024-09-21 19:59:20
332,367,423,2024-09-21 20:07:55,2024-09-21 20:07:55
333,368,422,2024-09-21 20:07:57,2024-09-21 20:07:57
334,369,360,2024-09-22 07:26:26,2024-09-22 07:26:26
337,372,361,2024-09-22 07:32:59,2024-09-22 07:32:59
338,373,377,2024-09-23 09:03:54,2024-09-23 09:03:54
339,374,404,2024-09-23 13:54:52,2024-09-23 13:54:52
340,375,405,2024-09-23 13:58:23,2024-09-23 13:58:23
341,376,400,2024-09-23 14:58:52,2024-09-23 14:58:52
342,377,401,2024-09-23 15:01:23,2024-09-23 15:01:23
343,378,282,2024-09-23 20:22:18,2024-09-23 20:22:18
344,379,283,2024-09-23 20:22:44,2024-09-23 20:22:44
345,380,402,2024-09-24 13:04:42,2024-09-24 13:04:42
346,381,403,2024-09-24 13:06:55,2024-09-24 13:06:55
348,383,331,2024-09-24 15:21:17,2024-09-24 15:21:17
349,384,332,2024-09-24 15:33:32,2024-09-24 15:33:32
350,385,424,2024-09-24 17:38:27,2024-09-24 17:38:27
351,386,425,2024-09-24 17:41:14,2024-09-24 17:41:14
352,387,250,2024-09-24 17:55:36,2024-09-24 17:55:36
353,388,251,2024-09-24 17:55:55,2024-09-24 17:55:55
354,389,252,2024-09-24 17:59:51,2024-09-24 17:59:51
355,390,253,2024-09-24 18:00:05,2024-09-24 18:00:05
356,391,267,2024-09-24 18:02:31,2024-09-24 18:02:31
357,392,266,2024-09-24 18:02:36,2024-09-24 18:02:36
358,393,270,2024-09-24 18:12:10,2024-09-24 18:12:10
359,394,271,2024-09-24 18:12:14,2024-09-24 18:12:14
360,395,109,2024-09-25 07:17:49,2024-09-25 07:17:49
361,396,109,2024-09-25 07:20:58,2024-09-25 07:20:58
362,397,447,2024-09-25 07:29:44,2024-09-25 07:29:44
363,398,448,2024-09-25 07:34:01,2024-09-25 07:34:01
364,399,438,2024-09-25 14:44:10,2024-09-25 14:44:10
365,400,439,2024-09-25 14:48:21,2024-09-25 14:48:21
366,401,302,2024-09-25 14:50:43,2024-09-25 14:50:43
367,402,315,2024-09-25 14:57:07,2024-09-25 14:57:07
368,403,302,2024-09-25 15:02:58,2024-09-25 15:02:58
369,404,315,2024-09-25 15:04:36,2024-09-25 15:04:36
370,405,334,2024-09-25 15:08:55,2024-09-25 15:08:55
372,407,333,2024-09-25 15:11:41,2024-09-25 15:11:41
373,408,360,2024-09-25 17:26:05,2024-09-25 17:26:05
374,409,361,2024-09-25 17:27:30,2024-09-25 17:27:30
375,410,324,2024-09-25 20:47:16,2024-09-25 20:47:16
376,411,325,2024-09-25 20:52:22,2024-09-25 20:52:22
377,412,407,2024-09-25 22:19:36,2024-09-25 22:19:36
378,413,406,2024-09-25 22:19:38,2024-09-25 22:19:38
379,414,427,2024-09-25 23:24:44,2024-09-25 23:24:44
380,415,426,2024-09-25 23:25:46,2024-09-25 23:25:46
381,416,426,2024-09-25 23:30:56,2024-09-25 23:30:56
382,417,427,2024-09-25 23:30:57,2024-09-25 23:30:57
383,418,473,2024-09-26 06:00:41,2024-09-26 06:00:41
384,419,474,2024-09-26 06:11:59,2024-09-26 06:11:59
386,421,284,2024-09-26 17:39:13,2024-09-26 17:39:13
387,422,285,2024-09-26 17:39:17,2024-09-26 17:39:17
388,423,409,2024-09-26 19:16:41,2024-09-26 19:16:41
389,424,408,2024-09-26 19:16:43,2024-09-26 19:16:43
390,425,363,2024-09-26 21:02:45,2024-09-26 21:02:45
391,426,362,2024-09-26 21:02:54,2024-09-26 21:02:54
395,430,336,2024-09-27 15:57:09,2024-09-27 15:57:09
396,431,335,2024-09-27 15:59:28,2024-09-27 15:59:28
400,433,304,2024-09-28 13:13:35,2024-09-28 13:13:35
401,434,317,2024-09-28 13:16:33,2024-09-28 13:16:33
402,435,305,2024-09-28 13:21:06,2024-09-28 13:21:06
403,436,318,2024-09-28 13:23:29,2024-09-28 13:23:29
404,437,310,2024-09-28 13:28:13,2024-09-28 13:28:13
405,438,320,2024-09-28 13:30:41,2024-09-28 13:30:41
406,439,378,2024-09-28 16:26:27,2024-09-28 16:26:27
407,440,379,2024-09-28 16:30:15,2024-09-28 16:30:15
408,441,338,2024-09-28 18:28:52,2024-09-28 18:28:52
409,442,337,2024-09-28 18:30:45,2024-09-28 18:30:45
410,443,340,2024-09-28 18:37:53,2024-09-28 18:37:53
411,444,339,2024-09-28 18:39:06,2024-09-28 18:39:06
412,445,340,2024-09-28 18:42:17,2024-09-28 18:42:17
413,446,339,2024-09-28 18:42:58,2024-09-28 18:42:58
414,447,411,2024-09-28 21:30:51,2024-09-28 21:30:51
415,448,410,2024-09-28 21:30:53,2024-09-28 21:30:53
418,451,415,2024-09-28 23:14:48,2024-09-28 23:14:48
419,452,414,2024-09-28 23:14:50,2024-09-28 23:14:50
420,453,255,2024-09-29 12:10:50,2024-09-29 12:10:50
421,454,254,2024-09-29 12:11:03,2024-09-29 12:11:03
422,455,380,2024-09-29 14:10:29,2024-09-29 14:10:29
423,456,381,2024-09-29 14:13:41,2024-09-29 14:13:41
425,458,287,2024-09-30 18:25:36,2024-09-30 18:25:36
426,459,286,2024-09-30 18:25:49,2024-09-30 18:25:49
427,460,133,2024-09-30 18:53:21,2024-09-30 18:53:21
429,462,273,2024-10-01 11:37:16,2024-10-01 11:37:16
430,463,272,2024-10-01 11:37:19,2024-10-01 11:37:19
431,464,274,2024-10-01 11:43:31,2024-10-01 11:43:31
432,465,275,2024-10-01 11:43:33,2024-10-01 11:43:33
433,466,304,2024-10-01 13:56:52,2024-10-01 13:56:52
434,467,317,2024-10-01 13:59:07,2024-10-01 13:59:07
435,468,305,2024-10-01 14:59:35,2024-10-01 14:59:35
436,469,318,2024-10-01 15:01:50,2024-10-01 15:01:50
437,470,338,2024-10-01 15:25:54,2024-10-01 15:25:54
438,471,337,2024-10-01 15:28:05,2024-10-01 15:28:05
439,472,256,2024-10-01 15:54:19,2024-10-01 15:54:19
440,473,257,2024-10-01 15:54:27,2024-10-01 15:54:27
441,474,441,2024-10-01 18:01:26,2024-10-01 18:01:26
442,475,367,2024-10-02 19:08:37,2024-10-02 19:08:37
443,476,366,2024-10-02 19:08:41,2024-10-02 19:08:41
444,477,428,2024-10-02 20:46:57,2024-10-02 20:46:57
445,478,429,2024-10-02 20:47:00,2024-10-02 20:47:00
446,479,428,2024-10-02 20:50:21,2024-10-02 20:50:21
447,480,429,2024-10-02 20:50:23,2024-10-02 20:50:23
448,481,430,2024-10-02 21:03:34,2024-10-02 21:03:34
449,482,431,2024-10-02 21:03:49,2024-10-02 21:03:49
450,483,432,2024-10-02 21:42:27,2024-10-02 21:42:27
451,484,433,2024-10-02 21:42:28,2024-10-02 21:42:28
454,487,382,2024-10-03 11:14:02,2024-10-03 11:14:02
455,488,475,2024-10-03 12:36:44,2024-10-03 12:36:44
456,489,310,2024-10-03 13:38:33,2024-10-03 13:38:33
457,490,320,2024-10-03 13:39:50,2024-10-03 13:39:50
458,491,477,2024-10-03 13:59:52,2024-10-03 13:59:52
459,492,478,2024-10-03 14:04:54,2024-10-03 14:04:54
460,493,288,2024-10-03 14:56:28,2024-10-03 14:56:28
461,494,289,2024-10-03 14:56:50,2024-10-03 14:56:50
462,495,326,2024-10-03 16:26:42,2024-10-03 16:26:42
463,496,133,2024-10-03 19:33:53,2024-10-03 19:33:53
465,498,449,2024-10-04 12:06:40,2024-10-04 12:06:40
466,499,451,2024-10-04 12:18:27,2024-10-04 12:18:27
467,500,414,2024-10-04 13:31:44,2024-10-04 13:31:44
468,501,415,2024-10-04 13:34:32,2024-10-04 13:34:32
469,502,340,2024-10-04 14:37:31,2024-10-04 14:37:31
470,503,339,2024-10-04 14:38:56,2024-10-04 14:38:56
471,504,417,2024-10-04 15:19:35,2024-10-04 15:19:35
473,506,416,2024-10-04 15:24:58,2024-10-04 15:24:58
485,518,383,2024-10-04 18:58:07,2024-10-04 18:58:07
486,519,418,2024-10-04 20:02:06,2024-10-04 20:02:06
487,520,419,2024-10-04 20:02:11,2024-10-04 20:02:11
488,521,418,2024-10-04 20:04:05,2024-10-04 20:04:05
489,522,419,2024-10-04 20:04:07,2024-10-04 20:04:07
490,523,369,2024-10-04 20:42:25,2024-10-04 20:42:25
491,524,368,2024-10-04 20:42:28,2024-10-04 20:42:28
492,525,384,2024-10-05 14:11:48,2024-10-05 14:11:48
493,526,366,2024-10-05 15:02:27,2024-10-05 15:02:27
494,527,367,2024-10-05 15:03:14,2024-10-05 15:03:14
495,528,385,2024-10-05 15:14:52,2024-10-05 15:14:52
496,529,371,2024-10-05 17:58:50,2024-10-05 17:58:50
497,530,370,2024-10-05 17:59:12,2024-10-05 17:59:12
498,531,342,2024-10-05 18:47:52,2024-10-05 18:47:52
499,532,341,2024-10-05 18:49:04,2024-10-05 18:49:04
500,533,346,2024-10-05 18:57:22,2024-10-05 18:57:22
501,534,345,2024-10-05 18:58:33,2024-10-05 18:58:33
502,535,458,2024-10-05 20:11:55,2024-10-05 20:11:55
503,536,459,2024-10-05 20:20:15,2024-10-05 20:20:15
504,537,327,2024-10-06 21:03:03,2024-10-06 21:03:03
505,538,294,2024-10-07 15:14:34,2024-10-07 15:14:34
506,539,295,2024-10-07 15:14:48,2024-10-07 15:14:48
507,540,258,2024-10-07 17:20:02,2024-10-07 17:20:02
508,541,259,2024-10-07 17:20:16,2024-10-07 17:20:16
509,542,260,2024-10-07 17:25:07,2024-10-07 17:25:07
510,543,261,2024-10-07 17:26:23,2024-10-07 17:26:23
511,544,276,2024-10-07 20:07:49,2024-10-07 20:07:49
512,545,277,2024-10-07 20:07:54,2024-10-07 20:07:54
513,546,278,2024-10-07 20:10:29,2024-10-07 20:10:29
514,547,279,2024-10-07 20:10:35,2024-10-07 20:10:35
515,548,479,2024-10-08 15:33:45,2024-10-08 15:33:45
516,549,480,2024-10-08 15:38:43,2024-10-08 15:38:43
517,550,342,2024-10-08 15:43:33,2024-10-08 15:43:33
518,551,341,2024-10-08 15:43:36,2024-10-08 15:43:36
519,552,386,2024-10-09 04:25:32,2024-10-09 04:25:32
520,553,387,2024-10-09 04:30:37,2024-10-09 04:30:37
525,556,344,2024-10-09 15:47:53,2024-10-09 15:47:53
526,557,343,2024-10-09 15:52:28,2024-10-09 15:52:28
527,558,328,2024-10-09 20:50:16,2024-10-09 20:50:16
528,559,329,2024-10-09 21:08:35,2024-10-09 21:08:35
530,561,452,2024-10-10 10:10:53,2024-10-10 10:10:53
531,562,453,2024-10-10 10:14:35,2024-10-10 10:14:35
532,563,311,2024-10-10 11:56:53,2024-10-10 11:56:53
533,564,321,2024-10-10 12:01:42,2024-10-10 12:01:42
534,565,505,2024-10-10 14:03:02,2024-10-10 14:03:02
535,566,509,2024-10-10 14:03:45,2024-10-10 14:03:45
540,569,442,2024-10-10 16:07:44,2024-10-10 16:07:44
541,570,297,2024-10-10 17:00:30,2024-10-10 17:00:30
543,572,142,2024-10-10 17:53:23,2024-10-10 17:53:23
544,573,196,2024-10-10 17:56:08,2024-10-10 17:56:08
545,574,434,2024-10-10 22:15:33,2024-10-10 22:15:33
546,575,435,2024-10-10 22:15:35,2024-10-10 22:15:35
547,576,388,2024-10-10 22:24:32,2024-10-10 22:24:32
548,577,389,2024-10-10 22:28:02,2024-10-10 22:28:02
549,578,436,2024-10-10 23:18:50,2024-10-10 23:18:50
550,579,437,2024-10-10 23:18:52,2024-10-10 23:18:52
551,580,346,2024-10-11 05:33:07,2024-10-11 05:33:07
552,581,345,2024-10-11 05:34:03,2024-10-11 05:34:03
556,583,521,2024-10-11 18:22:04,2024-10-11 18:22:04
557,584,494,2024-10-11 18:22:05,2024-10-11 18:22:05
558,585,539,2024-10-11 18:37:01,2024-10-11 18:37:01
559,586,538,2024-10-11 18:37:02,2024-10-11 18:37:02
562,588,374,2024-10-11 21:08:02,2024-10-11 21:08:02
563,589,375,2024-10-11 21:10:50,2024-10-11 21:10:50
564,590,348,2024-10-12 19:54:10,2024-10-12 19:54:10
565,590,347,2024-10-12 19:56:38,2024-10-12 19:56:38
566,591,460,2024-10-12 20:10:48,2024-10-12 20:10:48
567,592,499,2024-10-12 20:16:58,2024-10-12 20:16:58
568,593,499,2024-10-12 20:22:01,2024-10-12 20:22:01
569,592,526,2024-10-12 20:22:11,2024-10-12 20:22:11
570,593,526,2024-10-12 20:23:53,2024-10-12 20:23:53
571,594,461,2024-10-12 20:41:31,2024-10-12 20:41:31
572,595,524,2024-10-13 17:24:44,2024-10-13 17:24:44
573,595,497,2024-10-13 17:25:17,2024-10-13 17:25:17
574,596,524,2024-10-13 17:27:00,2024-10-13 17:27:00
575,596,497,2024-10-13 17:27:46,2024-10-13 17:27:46
576,597,525,2024-10-13 17:30:05,2024-10-13 17:30:05
577,597,498,2024-10-13 17:30:42,2024-10-13 17:30:42
578,598,142,2024-10-14 07:43:35,2024-10-14 07:43:35
579,599,196,2024-10-14 07:47:00,2024-10-14 07:47:00
580,600,594,2024-10-14 07:52:01,2024-10-14 07:52:01
581,601,585,2024-10-14 07:53:29,2024-10-14 07:53:29
582,602,444,2024-10-14 09:24:15,2024-10-14 09:24:15
583,603,299,2024-10-14 14:45:37,2024-10-14 14:45:37
584,604,455,2024-10-14 18:41:37,2024-10-14 18:41:37
587,606,685,2024-10-14 19:21:20,2024-10-14 19:21:20
589,607,492,2024-10-14 19:30:05,2024-10-14 19:30:05
590,607,493,2024-10-14 19:30:33,2024-10-14 19:30:33
591,608,299,2024-10-14 20:23:28,2024-10-14 20:23:28
592,608,298,2024-10-14 20:24:30,2024-10-14 20:24:30
593,609,390,2024-10-14 22:31:43,2024-10-14 22:31:43
595,611,391,2024-10-14 22:37:22,2024-10-14 22:37:22
596,612,509,2024-10-15 13:30:25,2024-10-15 13:30:25
597,612,505,2024-10-15 13:32:41,2024-10-15 13:32:41
598,613,348,2024-10-15 16:00:59,2024-10-15 16:00:59
599,613,347,2024-10-15 16:01:18,2024-10-15 16:01:18
600,614,686,2024-10-16 08:43:43,2024-10-16 08:43:43
601,615,674,2024-10-16 08:46:30,2024-10-16 08:46:30
602,616,491,2024-10-16 18:32:48,2024-10-16 18:32:48
603,616,490,2024-10-16 18:33:49,2024-10-16 18:33:49
605,618,445,2024-10-17 09:28:24,2024-10-17 09:28:24
606,619,330,2024-10-17 17:06:23,2024-10-17 17:06:23
608,621,517,2024-10-17 19:23:12,2024-10-17 19:23:12
609,622,515,2024-10-17 19:32:00,2024-10-17 19:32:00
610,623,502,2024-10-17 20:08:49,2024-10-17 20:08:49
611,623,503,2024-10-17 20:11:20,2024-10-17 20:11:20
612,624,519,2024-10-17 21:31:40,2024-10-17 21:31:40
613,625,501,2024-10-17 21:31:43,2024-10-17 21:31:43
614,626,520,2024-10-17 22:06:38,2024-10-17 22:06:38
615,627,504,2024-10-17 22:06:42,2024-10-17 22:06:42
616,628,504,2024-10-17 22:10:45,2024-10-17 22:10:45
617,629,520,2024-10-17 22:10:47,2024-10-17 22:10:47
618,630,520,2024-10-17 22:16:08,2024-10-17 22:16:08
619,631,504,2024-10-17 22:16:10,2024-10-17 22:16:10
620,632,495,2024-10-17 22:25:23,2024-10-17 22:25:23
621,633,522,2024-10-17 22:30:36,2024-10-17 22:30:36
622,634,499,2024-10-18 05:55:16,2024-10-18 05:55:16
623,634,526,2024-10-18 05:55:56,2024-10-18 05:55:56
624,635,494,2024-10-18 14:19:03,2024-10-18 14:19:03
625,636,510,2024-10-18 15:02:57,2024-10-18 15:02:57
626,636,506,2024-10-18 15:03:44,2024-10-18 15:03:44
627,637,615,2024-10-18 15:10:08,2024-10-18 15:10:08
628,637,614,2024-10-18 15:11:05,2024-10-18 15:11:05
629,638,615,2024-10-18 15:31:34,2024-10-18 15:31:34
630,638,614,2024-10-18 15:33:05,2024-10-18 15:33:05
633,640,567,2024-10-18 20:44:07,2024-10-18 20:44:07
634,641,560,2024-10-18 20:44:08,2024-10-18 20:44:08
636,643,538,2024-10-18 21:41:50,2024-10-18 21:41:50
637,644,539,2024-10-18 21:41:52,2024-10-18 21:41:52
638,645,571,2024-10-19 08:51:02,2024-10-19 08:51:02
639,646,521,2024-10-19 08:57:06,2024-10-19 08:57:06
640,647,572,2024-10-19 08:57:53,2024-10-19 08:57:53
643,649,586,2024-10-19 09:10:02,2024-10-19 09:10:02
644,650,595,2024-10-19 09:10:59,2024-10-19 09:10:59
645,651,596,2024-10-19 09:16:16,2024-10-19 09:16:16
646,652,587,2024-10-19 09:17:58,2024-10-19 09:17:58
647,653,462,2024-10-19 13:38:57,2024-10-19 13:38:57
648,654,463,2024-10-19 13:44:02,2024-10-19 13:44:02
649,655,663,2024-10-19 16:43:57,2024-10-19 16:43:57
650,656,664,2024-10-19 16:50:01,2024-10-19 16:50:01
651,657,500,2024-10-19 18:03:24,2024-10-19 18:03:24
652,657,527,2024-10-19 18:10:52,2024-10-19 18:10:52
653,658,704,2024-10-19 18:27:56,2024-10-19 18:27:56
654,658,707,2024-10-19 18:29:26,2024-10-19 18:29:26
655,659,552,2024-10-20 17:28:07,2024-10-20 17:28:07
656,659,551,2024-10-20 17:30:04,2024-10-20 17:30:04
657,660,446,2024-10-21 08:40:18,2024-10-21 08:40:18
658,661,659,2024-10-21 10:23:36,2024-10-21 10:23:36
659,661,655,2024-10-21 10:26:45,2024-10-21 10:26:45
660,662,660,2024-10-21 10:37:09,2024-10-21 10:37:09
661,662,656,2024-10-21 10:37:46,2024-10-21 10:37:46
662,663,554,2024-10-21 18:17:23,2024-10-21 18:17:23
663,663,553,2024-10-21 18:18:29,2024-10-21 18:18:29
664,664,511,2024-10-21 18:19:33,2024-10-21 18:19:33
666,665,527,2024-10-21 18:27:16,2024-10-21 18:27:16
667,242,823,2024-10-21 19:53:31,2024-10-21 19:53:31
668,244,823,2024-10-21 19:53:53,2024-10-21 19:53:53
669,307,825,2024-10-21 19:55:35,2024-10-21 19:55:35
670,469,839,2024-10-21 19:57:17,2024-10-21 19:57:17
671,564,844,2024-10-21 19:58:16,2024-10-21 19:58:16
672,636,848,2024-10-21 19:59:09,2024-10-21 19:59:09
673,666,568,2024-10-21 20:41:09,2024-10-21 20:41:09
674,667,564,2024-10-21 20:41:11,2024-10-21 20:41:11
675,249,790,2024-10-22 08:39:19,2024-10-22 08:39:19
676,252,790,2024-10-22 08:39:38,2024-10-22 08:39:38
677,297,792,2024-10-22 08:40:07,2024-10-22 08:40:07
678,394,794,2024-10-22 08:40:52,2024-10-22 08:40:52
679,465,796,2024-10-22 08:41:25,2024-10-22 08:41:25
680,616,904,2024-10-22 08:42:09,2024-10-22 08:42:09
681,661,906,2024-10-22 08:42:35,2024-10-22 08:42:35
685,668,912,2024-10-22 11:50:39,2024-10-22 11:50:39
686,669,912,2024-10-22 11:51:41,2024-10-22 11:51:41
688,293,914,2024-10-22 12:19:39,2024-10-22 12:19:39
689,412,916,2024-10-22 12:21:26,2024-10-22 12:21:26
690,451,918,2024-10-22 12:22:25,2024-10-22 12:22:25
691,666,920,2024-10-22 12:32:11,2024-10-22 12:32:11
697,422,867,2024-10-22 15:21:16,2024-10-22 15:21:16
698,257,162,2024-10-22 15:23:16,2024-10-22 15:23:16
699,257,863,2024-10-22 15:24:01,2024-10-22 15:24:01
700,322,863,2024-10-22 15:24:41,2024-10-22 15:24:41
701,493,871,2024-10-22 15:26:53,2024-10-22 15:26:53
703,608,874,2024-10-22 15:29:20,2024-10-22 15:29:20
705,623,890,2024-10-22 15:31:09,2024-10-22 15:31:09
707,671,500,2024-10-22 16:52:23,2024-10-22 16:52:23
708,671,527,2024-10-22 16:53:41,2024-10-22 16:53:41
709,246,830,2024-10-22 16:59:54,2024-10-22 16:59:54
710,254,830,2024-10-22 17:00:56,2024-10-22 17:00:56
711,290,832,2024-10-22 17:06:15,2024-10-22 17:06:15
712,389,840,2024-10-22 17:07:59,2024-10-22 17:07:59
713,472,843,2024-10-22 17:10:02,2024-10-22 17:10:02
714,542,847,2024-10-22 17:11:30,2024-10-22 17:11:30
715,597,850,2024-10-22 17:12:56,2024-10-22 17:12:56
724,299,815,2024-10-22 18:37:20,2024-10-22 18:37:20
725,301,815,2024-10-22 18:38:20,2024-10-22 18:38:20
726,425,881,2024-10-22 18:39:45,2024-10-22 18:39:45
727,475,882,2024-10-22 18:40:42,2024-10-22 18:40:42
728,527,882,2024-10-22 18:41:01,2024-10-22 18:41:01
729,365,817,2024-10-22 18:41:06,2024-10-22 18:41:06
730,368,817,2024-10-22 18:41:25,2024-10-22 18:41:25
732,529,884,2024-10-22 18:42:32,2024-10-22 18:42:32
733,415,819,2024-10-22 18:43:09,2024-10-22 18:43:09
734,416,819,2024-10-22 18:43:24,2024-10-22 18:43:24
736,483,821,2024-10-22 18:44:07,2024-10-22 18:44:07
737,622,886,2024-10-22 18:44:18,2024-10-22 18:44:18
738,627,827,2024-10-22 18:44:45,2024-10-22 18:44:45
740,628,827,2024-10-22 18:44:55,2024-10-22 18:44:55
741,631,827,2024-10-22 18:45:01,2024-10-22 18:45:01
742,308,799,2024-10-22 19:06:16,2024-10-22 19:06:16
743,311,799,2024-10-22 19:06:34,2024-10-22 19:06:34
744,337,799,2024-10-22 19:06:52,2024-10-22 19:06:52
745,361,801,2024-10-22 19:08:35,2024-10-22 19:08:35
746,384,801,2024-10-22 19:08:58,2024-10-22 19:08:58
747,430,801,2024-10-22 19:09:20,2024-10-22 19:09:20
748,441,803,2024-10-22 19:10:20,2024-10-22 19:10:20
749,470,803,2024-10-22 19:11:32,2024-10-22 19:11:32
750,502,803,2024-10-22 19:11:34,2024-10-22 19:11:34
751,533,805,2024-10-22 19:13:10,2024-10-22 19:13:10
752,550,805,2024-10-22 19:13:23,2024-10-22 19:13:23
753,580,805,2024-10-22 19:13:34,2024-10-22 19:13:34
754,590,807,2024-10-22 19:14:23,2024-10-22 19:14:23
755,613,807,2024-10-22 19:14:39,2024-10-22 19:14:39
756,634,807,2024-10-22 19:14:53,2024-10-22 19:14:53
757,672,565,2024-10-22 20:25:38,2024-10-22 20:25:38
758,673,569,2024-10-22 20:25:39,2024-10-22 20:25:39
761,676,516,2024-10-23 09:09:17,2024-10-23 09:09:17
763,677,580,2024-10-23 09:12:15,2024-10-23 09:12:15
764,678,604,2024-10-23 11:17:35,2024-10-23 11:17:35
765,679,605,2024-10-23 13:34:50,2024-10-23 13:34:50
766,680,573,2024-10-23 14:55:48,2024-10-23 14:55:48
767,664,894,2024-10-23 14:57:25,2024-10-23 14:57:25
768,681,574,2024-10-23 14:58:34,2024-10-23 14:58:34
769,682,588,2024-10-23 15:06:25,2024-10-23 15:06:25
770,683,597,2024-10-23 15:08:09,2024-10-23 15:08:09
771,664,512,2024-10-23 23:30:17,2024-10-23 23:30:17
772,684,513,2024-10-24 15:53:31,2024-10-24 15:53:31
773,684,514,2024-10-24 15:56:52,2024-10-24 15:56:52
774,685,675,2024-10-24 17:49:04,2024-10-24 17:49:04
775,686,733,2024-10-24 17:55:31,2024-10-24 17:55:31
776,687,496,2024-10-24 19:27:38,2024-10-24 19:27:38
777,688,523,2024-10-24 19:38:07,2024-10-24 19:38:07
780,690,564,2024-10-25 10:22:44,2024-10-25 10:22:44
781,691,568,2024-10-25 10:24:36,2024-10-25 10:24:36
782,692,623,2024-10-25 12:16:16,2024-10-25 12:16:16
783,693,622,2024-10-25 12:16:19,2024-10-25 12:16:19
784,694,623,2024-10-25 12:18:24,2024-10-25 12:18:24
785,695,622,2024-10-25 12:18:26,2024-10-25 12:18:26
786,696,623,2024-10-25 12:22:01,2024-10-25 12:22:01
787,697,622,2024-10-25 12:22:04,2024-10-25 12:22:04
788,698,624,2024-10-25 13:00:18,2024-10-25 13:00:18
789,699,625,2024-10-25 13:00:20,2024-10-25 13:00:20
790,700,625,2024-10-25 13:02:14,2024-10-25 13:02:14
791,701,624,2024-10-25 13:02:16,2024-10-25 13:02:16
794,704,704,2024-10-25 14:38:03,2024-10-25 14:38:03
795,704,707,2024-10-25 14:39:05,2024-10-25 14:39:05
799,707,575,2024-10-25 17:12:14,2024-10-25 17:12:14
800,708,556,2024-10-25 17:47:38,2024-10-25 17:47:38
801,707,888,2024-10-25 17:49:11,2024-10-25 17:49:11
802,708,562,2024-10-25 17:49:55,2024-10-25 17:49:55
803,708,854,2024-10-25 17:51:03,2024-10-25 17:51:03
804,256,879,2024-10-25 17:52:07,2024-10-25 17:52:07
805,259,879,2024-10-25 17:52:23,2024-10-25 17:52:23
806,709,619,2024-10-25 20:01:40,2024-10-25 20:01:40
807,709,618,2024-10-25 20:03:06,2024-10-25 20:03:06
808,710,621,2024-10-25 20:07:23,2024-10-25 20:07:23
809,710,620,2024-10-25 20:07:49,2024-10-25 20:07:49
810,709,853,2024-10-25 20:10:33,2024-10-25 20:10:33
812,712,575,2024-10-26 12:53:22,2024-10-26 12:53:22
813,707,581,2024-10-26 13:02:38,2024-10-26 13:02:38
814,712,581,2024-10-26 13:02:47,2024-10-26 13:02:47
815,712,888,2024-10-26 13:03:20,2024-10-26 13:03:20
816,713,665,2024-10-26 16:07:05,2024-10-26 16:07:05
817,714,739,2024-10-26 16:11:01,2024-10-26 16:11:01
818,715,705,2024-10-26 19:07:09,2024-10-26 19:07:09
819,715,708,2024-10-26 19:08:33,2024-10-26 19:08:33
820,716,709,2024-10-26 19:32:01,2024-10-26 19:32:01
821,717,709,2024-10-26 19:34:40,2024-10-26 19:34:40
822,716,710,2024-10-26 19:35:17,2024-10-26 19:35:17
823,717,710,2024-10-26 19:35:28,2024-10-26 19:35:28
824,718,465,2024-10-26 20:22:03,2024-10-26 20:22:03
825,719,668,2024-10-26 20:35:08,2024-10-26 20:35:08
826,720,734,2024-10-27 11:30:45,2024-10-27 11:30:45
827,721,736,2024-10-27 11:33:19,2024-10-27 11:33:19
828,722,570,2024-10-27 16:51:18,2024-10-27 16:51:18
829,723,566,2024-10-27 16:51:19,2024-10-27 16:51:19
834,727,661,2024-10-28 13:56:08,2024-10-28 13:56:08
835,727,657,2024-10-28 13:56:42,2024-10-28 13:56:42
836,728,755,2024-10-28 14:00:13,2024-10-28 14:00:13
837,728,756,2024-10-28 14:00:42,2024-10-28 14:00:42
838,727,908,2024-10-28 14:02:44,2024-10-28 14:02:44
839,729,691,2024-10-28 14:43:03,2024-10-28 14:43:03
840,729,692,2024-10-28 14:44:32,2024-10-28 14:44:32
842,730,763,2024-10-28 15:15:12,2024-10-28 15:15:12
843,731,727,2024-10-28 15:15:14,2024-10-28 15:15:14
844,732,652,2024-10-28 18:09:00,2024-10-28 18:09:00
845,733,647,2024-10-28 18:13:48,2024-10-28 18:13:48
846,734,651,2024-10-28 18:34:33,2024-10-28 18:34:33
847,735,558,2024-10-28 18:36:03,2024-10-28 18:36:03
848,735,563,2024-10-28 18:38:29,2024-10-28 18:38:29
849,736,648,2024-10-28 18:44:51,2024-10-28 18:44:51
850,737,578,2024-10-28 19:48:02,2024-10-28 19:48:02
851,737,583,2024-10-28 19:49:40,2024-10-28 19:49:40
852,738,727,2024-10-28 20:26:32,2024-10-28 20:26:32
853,739,763,2024-10-28 20:26:33,2024-10-28 20:26:33
854,740,728,2024-10-28 20:47:00,2024-10-28 20:47:00
855,741,764,2024-10-28 20:47:01,2024-10-28 20:47:01
856,742,729,2024-10-28 20:56:47,2024-10-28 20:56:47
857,743,765,2024-10-28 20:56:48,2024-10-28 20:56:48
858,744,730,2024-10-28 21:11:34,2024-10-28 21:11:34
859,745,766,2024-10-28 21:11:36,2024-10-28 21:11:36
860,698,831,2024-10-29 11:59:28,2024-10-29 11:59:28
861,701,831,2024-10-29 11:59:38,2024-10-29 11:59:38
862,746,705,2024-10-29 16:02:49,2024-10-29 16:02:49
863,746,708,2024-10-29 16:03:35,2024-10-29 16:03:35
864,747,589,2024-10-30 16:19:19,2024-10-30 16:19:19
866,749,598,2024-10-30 16:53:51,2024-10-30 16:53:51
867,750,606,2024-10-30 17:42:12,2024-10-30 17:42:12
868,751,692,2024-10-31 15:58:14,2024-10-31 15:58:14
871,751,691,2024-10-31 16:09:58,2024-10-31 16:09:58
874,754,897,2024-10-31 21:22:13,2024-10-31 21:22:13
875,754,693,2024-10-31 21:23:25,2024-10-31 21:23:25
876,754,694,2024-10-31 21:23:29,2024-10-31 21:23:29
877,755,579,2024-10-31 22:07:05,2024-10-31 22:07:05
878,755,584,2024-10-31 22:09:37,2024-10-31 22:09:37
879,755,896,2024-10-31 22:09:49,2024-10-31 22:09:49
880,756,621,2024-11-01 11:49:48,2024-11-01 11:49:48
881,756,620,2024-11-01 11:50:12,2024-11-01 11:50:12
882,657,809,2024-11-01 14:56:32,2024-11-01 14:56:32
883,671,809,2024-11-01 14:56:42,2024-11-01 14:56:42
884,658,811,2024-11-01 14:57:31,2024-11-01 14:57:31
885,704,811,2024-11-01 14:57:43,2024-11-01 14:57:43
886,757,746,2024-11-01 15:10:04,2024-11-01 15:10:04
887,758,745,2024-11-01 15:10:05,2024-11-01 15:10:05
888,759,746,2024-11-01 15:14:08,2024-11-01 15:14:08
889,760,745,2024-11-01 15:14:09,2024-11-01 15:14:09
890,761,709,2024-11-01 15:29:34,2024-11-01 15:29:34
892,761,710,2024-11-01 15:59:52,2024-11-01 15:59:52
893,763,720,2024-11-01 16:17:11,2024-11-01 16:17:11
894,763,719,2024-11-01 16:19:28,2024-11-01 16:19:28
895,763,857,2024-11-01 16:20:52,2024-11-01 16:20:52
896,764,590,2024-11-01 17:20:26,2024-11-01 17:20:26
897,765,599,2024-11-01 17:34:46,2024-11-01 17:34:46
898,766,600,2024-11-01 17:39:28,2024-11-01 17:39:28
899,767,601,2024-11-01 17:43:51,2024-11-01 17:43:51
900,768,678,2024-11-01 18:24:02,2024-11-01 18:24:02
901,769,679,2024-11-01 18:29:52,2024-11-01 18:29:52
902,770,607,2024-11-02 06:55:02,2024-11-02 06:55:02
903,771,670,2024-11-02 14:22:39,2024-11-02 14:22:39
904,772,671,2024-11-02 14:27:34,2024-11-02 14:27:34
905,773,740,2024-11-02 14:54:03,2024-11-02 14:54:03
906,774,741,2024-11-02 14:57:56,2024-11-02 14:57:56
907,775,635,2024-11-02 15:32:20,2024-11-02 15:32:20
908,775,634,2024-11-02 15:32:59,2024-11-02 15:32:59
909,776,638,2024-11-02 15:37:35,2024-11-02 15:37:35
910,776,637,2024-11-02 15:38:04,2024-11-02 15:38:04
911,777,638,2024-11-02 15:43:12,2024-11-02 15:43:12
912,777,637,2024-11-02 15:44:06,2024-11-02 15:44:06
913,775,859,2024-11-02 15:47:35,2024-11-02 15:47:35
914,778,711,2024-11-02 20:10:05,2024-11-02 20:10:05
915,778,712,2024-11-02 20:13:20,2024-11-02 20:13:20
916,779,715,2024-11-02 20:16:53,2024-11-02 20:16:53
917,779,716,2024-11-02 20:17:47,2024-11-02 20:17:47
921,782,738,2024-11-03 14:18:21,2024-11-03 14:18:21
922,783,722,2024-11-03 18:14:13,2024-11-03 18:14:13
923,784,724,2024-11-03 18:20:42,2024-11-03 18:20:42
924,783,721,2024-11-03 18:23:01,2024-11-03 18:23:01
925,784,723,2024-11-03 18:23:56,2024-11-03 18:23:56
926,785,959,2024-11-04 03:16:59,2024-11-04 03:16:59
927,786,965,2024-11-04 03:19:52,2024-11-04 03:19:52
928,787,971,2024-11-04 11:24:32,2024-11-04 11:24:32
929,788,769,2024-11-04 11:40:57,2024-11-04 11:40:57
930,788,770,2024-11-04 11:42:09,2024-11-04 11:42:09
931,728,909,2024-11-04 12:09:33,2024-11-04 12:09:33
932,789,609,2024-11-04 12:22:26,2024-11-04 12:22:26
935,791,758,2024-11-04 15:36:48,2024-11-04 15:36:48
936,791,757,2024-11-04 15:37:12,2024-11-04 15:37:12
937,792,761,2024-11-04 15:48:44,2024-11-04 15:48:44
938,792,762,2024-11-04 15:49:10,2024-11-04 15:49:10
939,793,591,2024-11-04 16:12:54,2024-11-04 16:12:54
940,794,592,2024-11-04 16:15:02,2024-11-04 16:15:02
941,795,730,2024-11-04 17:33:21,2024-11-04 17:33:21
942,796,766,2024-11-04 17:33:22,2024-11-04 17:33:22
943,797,697,2024-11-04 18:18:20,2024-11-04 18:18:20
944,797,698,2024-11-04 18:19:49,2024-11-04 18:19:49
945,798,767,2024-11-04 20:54:33,2024-11-04 20:54:33
946,799,731,2024-11-04 20:54:34,2024-11-04 20:54:34
947,800,768,2024-11-04 21:06:37,2024-11-04 21:06:37
948,801,732,2024-11-04 21:06:39,2024-11-04 21:06:39
949,802,953,2024-11-04 21:15:30,2024-11-04 21:15:30
950,803,951,2024-11-04 21:15:32,2024-11-04 21:15:32
951,804,954,2024-11-04 21:26:26,2024-11-04 21:26:26
952,805,952,2024-11-04 21:26:29,2024-11-04 21:26:29
953,806,1010,2024-11-04 21:44:41,2024-11-04 21:44:41
954,807,1008,2024-11-04 21:44:43,2024-11-04 21:44:43
955,808,769,2024-11-05 09:18:16,2024-11-05 09:18:16
956,808,770,2024-11-05 09:22:45,2024-11-05 09:22:45
957,809,711,2024-11-05 14:07:38,2024-11-05 14:07:38
958,809,712,2024-11-05 14:25:25,2024-11-05 14:25:25
961,811,649,2024-11-06 04:59:05,2024-11-06 04:59:05
962,811,645,2024-11-06 05:00:09,2024-11-06 05:00:09
963,812,593,2024-11-06 14:29:36,2024-11-06 14:29:36
964,813,1002,2024-11-06 14:33:45,2024-11-06 14:33:45
965,814,602,2024-11-06 14:35:54,2024-11-06 14:35:54
966,815,1004,2024-11-06 14:37:07,2024-11-06 14:37:07
967,816,680,2024-11-06 14:42:20,2024-11-06 14:42:20
968,817,681,2024-11-06 14:44:23,2024-11-06 14:44:23
969,818,747,2024-11-06 17:55:24,2024-11-06 17:55:24
970,819,748,2024-11-06 17:55:26,2024-11-06 17:55:26
971,820,747,2024-11-06 17:57:50,2024-11-06 17:57:50
972,821,748,2024-11-06 17:57:52,2024-11-06 17:57:52
973,818,835,2024-11-06 19:05:50,2024-11-06 19:05:50
974,820,835,2024-11-06 19:06:01,2024-11-06 19:06:01
975,822,650,2024-11-07 08:46:29,2024-11-07 08:46:29
976,822,646,2024-11-07 08:47:12,2024-11-07 08:47:12
977,715,813,2024-11-07 16:06:46,2024-11-07 16:06:46
978,823,699,2024-11-07 17:16:22,2024-11-07 17:16:22
979,823,700,2024-11-07 17:17:14,2024-11-07 17:17:14
980,823,900,2024-11-07 17:17:19,2024-11-07 17:17:19
981,824,772,2024-11-08 09:23:34,2024-11-08 09:23:34
982,824,771,2024-11-08 09:24:40,2024-11-08 09:24:40
983,824,902,2024-11-08 09:24:50,2024-11-08 09:24:50
984,825,715,2024-11-08 14:25:05,2024-11-08 14:25:05
986,825,716,2024-11-08 16:01:18,2024-11-08 16:01:18
987,826,726,2024-11-08 18:48:17,2024-11-08 18:48:17
988,827,726,2024-11-08 18:51:31,2024-11-08 18:51:31
989,826,725,2024-11-08 18:53:27,2024-11-08 18:53:27
990,827,725,2024-11-08 18:53:39,2024-11-08 18:53:39
991,826,860,2024-11-08 18:55:42,2024-11-08 18:55:42
992,828,592,2024-11-09 13:00:47,2024-11-09 13:00:47
993,829,1100,2024-11-09 13:10:55,2024-11-09 13:10:55
994,830,592,2024-11-09 13:25:20,2024-11-09 13:25:20
995,831,601,2024-11-09 14:13:37,2024-11-09 14:13:37
996,832,610,2024-11-09 15:42:26,2024-11-09 15:42:26
997,833,743,2024-11-09 15:52:38,2024-11-09 15:52:38
998,834,744,2024-11-09 15:56:26,2024-11-09 15:56:26
999,835,642,2024-11-09 17:12:42,2024-11-09 17:12:42
1000,835,640,2024-11-09 17:13:26,2024-11-09 17:13:26
1001,836,984,2024-11-09 17:17:24,2024-11-09 17:17:24
1002,837,984,2024-11-09 17:22:57,2024-11-09 17:22:57
1003,836,983,2024-11-09 17:26:27,2024-11-09 17:26:27
1004,837,983,2024-11-09 17:26:36,2024-11-09 17:26:36
1005,835,862,2024-11-09 17:29:26,2024-11-09 17:29:26
1006,838,960,2024-11-09 17:31:40,2024-11-09 17:31:40
1007,839,966,2024-11-09 17:37:19,2024-11-09 17:37:19
1008,840,972,2024-11-09 17:41:50,2024-11-09 17:41:50
1009,841,687,2024-11-09 20:43:59,2024-11-09 20:43:59
1010,842,689,2024-11-09 20:45:37,2024-11-09 20:45:37
1011,842,687,2024-11-09 20:47:30,2024-11-09 20:47:30
1012,843,672,2024-11-09 21:00:23,2024-11-09 21:00:23
